INSERT INTO Language (name, code) VALUES 
('English', 'en'),
('French', 'fr'),
('German', 'de'),
('Spanish', 'es'),
('Italian', 'it'),
('Czech', 'cs'),
('Dutch', 'nl'),
('Japanese', 'ja');

INSERT INTO Country (name) VALUES 
('United States'),
('Germany'),
('France'),
('Italy'),
('United Kingdom'),
('Japan'),
('Czech Republic'),
('Netherlands'),
('Spain'),
('Canada');


INSERT INTO Person (name, is_real_person, birth_date, biography, country_id) VALUES 
('Reiner Knizia', TRUE, '1957-11-16', 'Famous German board game designer known for modern classics', 2),
('Klaus Teuber', TRUE, '1952-06-25', 'Creator of Catan and many other popular games', 2),
('Vlaada Chvátil', TRUE, '1971-07-10', 'Czech game designer known for innovative mechanics', 7),
('Jamey Stegmaier', TRUE, '1980-03-15', 'American designer and publisher of Stonemaier Games', 1),
('Elizabeth Hargrave', TRUE, '1986-05-20', 'Designer of Wingspan and other nature-themed games', 1),
('Luc Rémond', TRUE, '1975-08-12', 'French designer known for cooperative games', 3),
('Bruno Cathala', TRUE, '1963-09-05', 'Prolific French designer with 100+ published games', 3),
('Matt Leacock', TRUE, '1971-12-10', 'Designer of Pandemic and other cooperative games', 1),
('Uwe Rosenberg', TRUE, '1970-03-27', 'German designer known for worker placement games', 2),
('Stefan Feld', TRUE, '1970-10-10', 'German designer known for point salad games', 2),
('Stonemaier Games', FALSE, NULL, 'Board game publisher based in the USA', 1),
('Z-Man Games', FALSE, NULL, 'Publisher of Pandemic and other games', 1),
('Repos Production', FALSE, NULL, 'Belgian board game publisher', 1),
('Space Cowboys', FALSE, NULL, 'French board game publisher', 3),
('Plan B Games', FALSE, NULL, 'Canadian board game publisher', 10),
('Cephalofair Games', FALSE, NULL, 'Publisher of Gloomhaven', 1),
('Czech Games Edition', FALSE, NULL, 'Czech board game publisher', 7),
('Catan Studio', FALSE, NULL, 'Publisher of Catan', 1),
('Days of Wonder', FALSE, NULL, 'Publisher of Ticket to Ride', 1);

INSERT INTO User (username, email, password, user_description, first_name, last_name, registration_date, last_profile_update, last_login, website, avatar_url, country_id, n_published_media) VALUES 
('BoardGameMaster', 'master@bgg.com', 'pass123', 'Passionate board game collector with 500+ games', 'John', 'Smith', '2019-01-15', '2024-12-01', '2024-12-03', 'boardgamemaster.com', 'https://www.w3schools.com/howto/img_avatar.png', 1,8),
('GamerGirl42', 'gamer@email.com', 'pass456', 'Love strategy games and teaching new players', 'Sarah', 'Johnson', '2020-03-20', '2024-11-28', '2024-12-02', NULL, 'https://img.freepik.com/premium-vector/male-face-avatar-icon-set-flat-design-social-media-profiles_1281173-3806.jpg?semt=ais_hybrid&w=740', 1,9),
('EuroGameFan', 'euro@games.de', 'pass789', 'Euro games enthusiast from Germany', 'Hans', 'Mueller', '2018-07-10', '2024-11-30', '2024-12-01', NULL, 'https://png.pngtree.com/png-vector/20220817/ourmid/pngtree-women-cartoon-avatar-in-flat-style-png-image_6110776.png', 2,10),
('CoopPlayer', 'coop@games.com', 'pass321', 'Cooperative games are the best!', 'Marie', 'Dubois', '2021-05-12', '2024-12-02', '2024-12-03', NULL, 'https://img.freepik.com/vettori-gratuito/l-illustrazione-del-giovane-sorridente_1308-174669.jpg?semt=ais_hybrid&w=740', 3,11),
('ThematicGamer', 'theme@board.it', 'pass654', 'Thematic games tell the best stories', 'Marco', 'Rossi', '2019-09-08', '2024-11-25', '2024-11-30', 'thematicgames.it', 'https://www.w3schools.com/howto/img_avatar2.png', 4,12),
('MeepleQueen', 'meeplequeen@bgg.com', 'pass111', 'Board game night organizer and reviewer', 'Anna', 'Bianchi', '2021-02-14', '2024-11-15', '2024-12-01', 'meeplequeen.com', 'https://static.vecteezy.com/system/resources/thumbnails/004/899/680/small/beautiful-blonde-woman-with-makeup-avatar-for-a-beauty-salon-illustration-in-the-cartoon-style-vector.jpg', 4,13),
('DiceRoller', 'diceroller@bgg.com', 'pass222', 'Loves dice games and Ameritrash classics', 'Tom', 'Evans', '2022-06-10', '2024-10-20', '2024-12-02', NULL, 'https://static.vecteezy.com/ti/vettori-gratis/p1/2002403-uomo-con-barba-avatar-personaggio-isolato-icona-gratuito-vettoriale.jpg', 1,14),
('CardShark', 'cardshark@bgg.com', 'pass333', 'Card games enthusiast and tournament player', 'Lisa', 'Nguyen', '2020-09-05', '2024-11-28', '2024-12-03', NULL, 'https://encrypted-tbn0.gstatic.com/images?q=tbn:ANd9GcSk740kSKRQ6-Zqea74Ftb6XQyGHQLbTt0MNQ&s', 5,15),
('EuroStrategist', 'eurostrategist@bgg.com', 'pass444', 'Eurogame lover and strategy blogger', 'Felix', 'Schmidt', '2019-12-22', '2024-12-01', '2024-12-03', 'eurostrategist.de', 'https://img.freepik.com/vettori-premium/immagine-di-profilo-dell-avatar-dell-uomo-isolata-sullo-sfondo-immagina-di-profilo-avatar-per-l-uomo_1293239-4841.jpg?semt=ais_hybrid&w=740', 2,16),
('PartyStarter', 'partystarter@bgg.com', 'pass555', 'Always brings the party games!', 'Julia', 'Martinez', '2023-04-18', '2024-11-30', '2024-12-02', NULL, 'https://static.vecteezy.com/system/resources/previews/048/216/761/non_2x/modern-male-avatar-with-black-hair-and-hoodie-illustration-free-png.png', 9,17);

INSERT INTO Boardgame_Category (category_type, name) VALUES 
('type', 'Strategy Games'),
('type', 'Family Games'),
('type', 'Thematic Games'),
('type', 'War Games'),
('type', 'Abstract Games'),
('type', 'Party Games'),
('type', 'Solo Games'),
('type', 'Childrens Games'),
('type', 'Card Games'),
('type', 'Dice Games'),
('type', 'Cooperative Games'),
('type', 'Economic Games'),
('type', 'Adventure Games'),
('type', 'Puzzle Games'),
('type', 'Trivia Games'),
('type', 'Miniatures Games'),
('mechanism', 'Worker Placement'),
('mechanism', 'Deck Building'),
('mechanism', 'Area Control'),
('mechanism', 'Cooperative Play'),
('mechanism', 'Engine Building'),
('mechanism', 'Hand Management'),
('mechanism', 'Tile Placement'),
('mechanism', 'Drafting'),
('mechanism', 'Set Collection'),
('mechanism', 'Modular Board'),
('mechanism', 'Variable Player Powers'),
('mechanism', 'Roll and Write'),
('mechanism', 'Action Points'),
('mechanism', 'Auction/Bidding'),
('mechanism', 'Grid Movement'),
('mechanism', 'Pick-up and Deliver'),
('category', 'Abstract Strategy'),
('category', 'Card Drafting'),
('category', 'Cooperative'),
('category', 'Deck Building'),
('category', 'Dice Rolling'),
('category', 'Grid Movement'),
('category', 'Hand Management'),
('category', 'Modular Board'),
('category', 'Point to Point Movement'),
('category', 'Set Collection'),
('family', 'Modern Classics'),
('family', 'Family Strategy Games'),
('family', 'Classic Games'),
('family', 'Eurogames'),
('family', 'Ameritrash'),
('family', 'Deckbuilding Games'),
('family', 'Legacy Games'),
('family', 'Roll and Write Games'),
('family', 'Tile-Laying Games'),
('family', 'Abstract Strategy'),
('family', 'Party Games'),
('family', 'Cooperative Games'),
('family', 'Solo Play'),
('family', 'Card Games'),
('family', 'Dice Games'),
('family', 'Miniatures Games'),
('family', 'Economic Games'),
('family', 'Adventure Games');


INSERT INTO Awards (name, award_year, description) VALUES 
('Spiel des Jahres', 2024, 'Game of the Year award in Germany'),
('Kennerspiel des Jahres', 2024, 'Connoisseur Game of the Year'),
('Golden Geek Award', 2024, 'BoardGameGeek community award'),
('International Gamers Award', 2024, 'Award for strategy games'),
('Mensa Select', 2024, 'Games approved by Mensa'),
('Diana Jones Award', 2024, 'Excellence in gaming'),
('Origins Award', 2024, 'Best board game award'),
('Tric Trac dOr', 2024, 'French board game award');


INSERT INTO Boardgame (name, year_published, small_description, min_players, max_players, playing_time, min_age, description, complexity_rating, average_rating, bgg_rank, num_ratings, num_comments, image_url, thumbnail_url, created_date, updated_date, official_link, official_link_alt, owners, n_likes, n_expansions, n_versions) VALUES 
('Sky Team', 2023, 'Cooperative airplane landing game for two players', 2, 2, 20, 12, "Sky Team is a co-operative game, exclusively for two players, in which you play a pilot and co-pilot at the controls of an airliner. Your goal is to work together as a team to land your airplane in different airports around the world.\n\nTo land your plane, you need to silently assign your dice to the correct spaces in your cockpit to balance the axis of your plane, control its speed, deploy the flaps, extend the landing gear, contact the control tower to clear your path, and even have a little coffee to improve your concentration enough to change the value of your dice.\n\nIf the aircraft tilts too much and stalls, overshoots the airport, or collides with another aircraft, you lose the game...and your pilot's license...and probably your life.\n\nFrom Montreal to Tokyo, each airport offers its own set of challenges. Watch out for the turbulence as this could end up being a bumpy ride!", 2.15, 7.5, 1, 15000, 2500, 'https://cf.geekdo-images.com/uXMeQzNenHb3zK7Hoa6b2w__itemrep/img/oaw-LYEIaB20e79Y568JgyHZ5NQ=/fit-in/246x300/filters:strip_icc()/pic7398904.jpg', 'https://cf.geekdo-images.com/uXMeQzNenHb3zK7Hoa6b2w__micro/img/WUPeTU-QmVFLHWyY3AYn2LOJzvg=/fit-in/64x64/filters:strip_icc()/pic7398904.jpg', '2023-10-01', '2024-12-01', 'https://www.scorpionmasque.com/en/sky-team', 'Sky Team - Le Scorpion Masque', 25000, 3, 3, 5),
('Wingspan', 2019, 'Engine-building game about birds', 1, 5, 70, 10, 'Wingspan is a competitive, medium-weight, card-driven, engine-building board game from Stonemaier Games. You are bird enthusiasts—researchers, bird watchers, ornithologists, and collectors—seeking to discover and attract the best birds to your network of wildlife preserves.', 2.42, 8.1, 15, 98000, 12000, 'https://cf.geekdo-images.com/yLZJCVLlIx4c7eJEWUNJ7w__itemrep/img/DR7181wU4sHT6gn6Q1XccpPxNHg=/fit-in/246x300/filters:strip_icc()/pic4458123.jpg', 'https://cf.geekdo-images.com/yLZJCVLlIx4c7eJEWUNJ7w__micro/img/5ZaRePVhfelfofF7T_OC1e0gUCw=/fit-in/64x64/filters:strip_icc()/pic4458123.jpg', '2019-03-01', '2024-11-30', 'https://stonemaiergames.com/games/wingspan/', 'Stonemaier Games Wingspan', 120000, 2, 3, 5),
('Gloomhaven', 2017, 'Tactical combat in a persistent world', 1, 4, 120, 14, 'Gloomhaven is a game of Euro-inspired tactical combat in a persistent world of shifting motives. Players will take on the role of a wandering adventurer with their own special set of skills and their own reasons for traveling to this dark corner of the world.', 3.86, 8.7, 3, 75000, 8500, 'https://cf.geekdo-images.com/sZYp_3BTDGjh2unaZfZmuA__itemrep/img/0IdBRA_G-ZdrNaxI4Z1LPQMZD0I=/fit-in/246x300/filters:strip_icc()/pic2437871.jpg', 'https://cf.geekdo-images.com/sZYp_3BTDGjh2unaZfZmuA__micro/img/sQyh47ClBO3d5sxPm73hMvM-JV4=/fit-in/64x64/filters:strip_icc()/pic2437871.jpg', '2017-01-01', '2024-11-28', 'https://cephalofair.com/gloomhaven', 'Cephalofair Games', 85000, 2, 3, 5),
('Azul', 2017, 'Tile-placement game inspired by Portuguese tiles', 2, 4, 45, 8, 'Introduced by the Moors, azulejos (originally white and blue ceramic tiles) were fully embraced by the Portuguese when their king Manuel I, on a visit to the Alhambra palace in Southern Spain, was mesmerized by the stunning beauty of the Moorish decorative tiles.', 1.78, 7.8, 45, 89000, 9200, 'https://cf.geekdo-images.com/aPSHJO0d0XOpQR5X-wJonw__itemrep/img/6oRLPDvy4zz3gOZM6e6NzIk8Seg=/fit-in/246x300/filters:strip_icc()/pic6973671.png', 'https://cf.geekdo-images.com/aPSHJO0d0XOpQR5X-wJonw__micro/img/3M2bj5ZXqAskTOvLTXRuHOH-Y44=/fit-in/64x64/filters:strip_icc()/pic6973671.png', '2017-07-01', '2024-11-29', 'https://planbgames.com/en/our-games/azul', 'Plan B Games Azul', 95000, 2, 3, 5),
('Pandemic', 2008, 'Cooperative game about stopping global diseases', 2, 4, 45, 8, 'In Pandemic, several virulent diseases have broken out simultaneously all over the world! The players are disease-fighting specialists whose mission is to treat disease hotspots while researching cures for each of four plagues before they get out of hand.', 2.40, 7.6, 120, 125000, 15000, 'https://cf.geekdo-images.com/S3ybV1LAp-8SnHIXLLjVqA__itemrep/img/wAMLbgihOl7dJDHnvqt7OXKEV-4=/fit-in/246x300/filters:strip_icc()/pic1534148.jpg', 'https://cf.geekdo-images.com/S3ybV1LAp-8SnHIXLLjVqA__micro/img/S4tXI3Yo7BtqmBoKINLLVUFsaJ0=/fit-in/64x64/filters:strip_icc()/pic1534148.jpg', '2008-01-01', '2024-12-01', 'https://zmangames.com/pandemic/', 'Z-Man Games Pandemic', 180000, 2, 3, 5),
('Catan', 1995, 'Build and trade in this classic strategy game', 3, 4, 60, 10, 'In Catan (formerly The Settlers of Catan), players try to be the dominant force on the island of Catan by building settlements, cities, and roads. On each turn dice are rolled to determine what resources the island produces.', 2.32, 7.2, 280, 200000, 25000, 'https://cf.geekdo-images.com/PyUol9QxBnZQCJqZI6bmSA__itemrep/img/zUs-jB7S9JTuLPOcY9pUxaqYNqA=/fit-in/246x300/filters:strip_icc()/pic8632666.png', 'https://cf.geekdo-images.com/PyUol9QxBnZQCJqZI6bmSA__micro/img/D9c4qNFDB_dRjII5d9JZsBsbEWQ=/fit-in/64x64/filters:strip_icc()/pic8632666.png', '1995-01-01', '2024-11-20', 'https://catanstudio.com', 'Catan Studio', 500000, 1, 3, 5),
('Ticket to Ride', 2004, 'Railway-themed board game', 2, 5, 60, 8, 'Ticket to Ride is a railway-themed German-style board game designed by Alan R. Moon and published in 2004 by Days of Wonder. The game is also known as Zug um Zug (German), Les Aventuriers du Rail (French), and Aventureros al Tren (Spanish).', 1.84, 7.4, 185, 175000, 18000, 'https://cf.geekdo-images.com/ZWJg0dCdrWHxVnc0eFXK8w__itemrep/img/iiTIuTtuneM3tbDCjALecsgyizA=/fit-in/246x300/filters:strip_icc()/pic38668.jpg', 'https://cf.geekdo-images.com/ZWJg0dCdrWHxVnc0eFXK8w__micro/img/79tvkijvf1wFKrKz-FWt77XdIbw=/fit-in/64x64/filters:strip_icc()/pic38668.jpg', '2004-01-01', '2024-11-25', 'https://daysofwonder.com/tickettoride/', 'Days of Wonder', 300000, 2, 3, 5),
('Splendor', 2014, 'Engine building with gems and cards', 2, 4, 30, 10, 'Splendor is a game of chip-collecting and card development. Players are merchants of the Renaissance trying to buy gem mines, means of transportation, shops—all in order to acquire the most prestige points.', 1.78, 7.4, 195, 140000, 14000, 'https://cf.geekdo-images.com/vNFe4JkhKAERzi4T0Ntwpw__itemrep/img/OoBoVLPl4ZYiNioNIKlV_0HLEYQ=/fit-in/246x300/filters:strip_icc()/pic8234167.png', 'https://cf.geekdo-images.com/vNFe4JkhKAERzi4T0Ntwpw__micro/img/wj7pvZEgXNG-VJjP-66pJ6Ryxqk=/fit-in/64x64/filters:strip_icc()/pic8234167.png', '2014-01-01', '2024-11-22', 'https://spacecowboys.fr/splendor', 'Space Cowboys', 250000, 1, 3, 5),
('7 Wonders', 2010, 'Civilization building through card drafting', 2, 7, 45, 10, '7 Wonders is a board game created by Antoine Bauza and originally published in 2010 by Repos Production. Three decks of cards featuring images of ancient civilizations, armed conflicts, and commercial activity are used in the game.', 2.33, 7.8, 35, 165000, 16500, 'https://cf.geekdo-images.com/35h9Za_JvMMMtx_92kT0Jg__itemrep/img/EUlr4of74-i75S-jIrgNfaQ3M6Q=/fit-in/246x300/filters:strip_icc()/pic7149798.jpg', 'https://cf.geekdo-images.com/35h9Za_JvMMMtx_92kT0Jg__micro/img/4BRnGQ-EoU-2LNirfZpUC3HRReU=/fit-in/64x64/filters:strip_icc()/pic7149798.jpg', '2010-01-01', '2024-11-27', 'https://rprod.com/7-wonders', 'Repos Production', 280000, 2, 3, 5),
('Codenames', 2015, 'Word-based party game', 2, 8, 15, 14, 'Codenames is a social word game with a simple premise and challenging game play. Two rival spymasters know the secret identities of 25 agents. Their teammates know the agents only by their codenames.', 1.31, 7.5, 155, 180000, 20000, 'https://cf.geekdo-images.com/nC6ifPCDnAItwoKSKXVrnw__itemrep/img/iM9m6bb1zTCzDzkXhiKE5V1gomc=/fit-in/246x300/filters:strip_icc()/pic8907965.jpg', 'https://cf.geekdo-images.com/nC6ifPCDnAItwoKSKXVrnw__micro/img/ofY8GMk0esDw7jp8Q80Xn3qZ92E=/fit-in/64x64/filters:strip_icc()/pic8907965.jpg', '2015-01-01', '2024-11-26', 'https://czechgames.com/en/codenames/', 'Czech Games Edition', 320000, 2, 3, 5),
('Sky Team: Houston Airport Expansion', 2024, 'Aggiunge l aeroporto di Houston con nuove difficoltà e scenari', 2, 2, 20, 14, 'Introduces Houston as a new challenging airport with turbulence and air traffic modules.', 2.2, 7.9, 35, 6000, 500, '.../skyteam-houston.jpg', '.../skyteam-houston-thumb.jpg', '2024-04-01', '2024-06-10', 'https://www.le-scorpion-masque.com/en/games/skyteam/houston', 'Sky Team: Houston Expansion', 8000, 3, 0, 0),
('Sky Team: World Tour Expansion', 2025, 'Espansione con nuove rotte globali e condizioni climatiche estreme', 2, 2, 25, 14, 'Adds new airports from five continents, including snowstorms and night landings.', 2.3, 8.0, 32, 7000, 600, '.../skyteam-world.jpg', '.../skyteam-world-thumb.jpg', '2025-03-01', '2025-06-10', 'https://www.le-scorpion-masque.com/en/games/skyteam/world-tour', 'Sky Team: World Tour', 9000, 4, 0, 0),
('Sky Team: Emergency Protocols', 2025, 'Modalità avanzata con guasti tecnici e gestione del panico', 2, 2, 30, 14, 'Features emergency checklists, system failures and a panic meter.', 2.5, 8.1, 30, 5000, 450, '.../skyteam-emergency.jpg', '.../skyteam-emergency-thumb.jpg', '2025-06-01', '2025-06-10', 'https://www.le-scorpion-masque.com/en/games/skyteam/emergency', 'Sky Team: Emergency Protocols', 7000, 3, 0, 0),
('Sky Team: Deluxe Edition', 2024, 'Edizione deluxe con segnalini in legno e inserti premium', 2, 2, 20, 14, 'Includes upgraded tokens, custom dice, and a neoprene board.', 2.2, 7.9, 35, 4000, 350, '.../skyteam-deluxe.jpg', '.../skyteam-deluxe-thumb.jpg', '2024-11-01', '2025-06-10', 'https://www.le-scorpion-masque.com/en/games/skyteam/deluxe', 'Sky Team Deluxe Edition', 6000, 3, 0, 0),
('Sky Team: Italian Edition', 2023, 'Versione italiana completa', 2, 2, 20, 14, 'Localizzazione italiana del gioco base.', 2.2, 7.9, 35, 4500, 400, '.../skyteam-it.jpg', '.../skyteam-it-thumb.jpg', '2023-12-01', '2025-06-10', 'https://example.it/skyteam', 'Sky Team Edizione Italiana', 5000, 2, 0, 0),
('Sky Team: Solo Pilot Edition', 2025, 'Versione per giocatore singolo con AI automatica', 1, 1, 20, 14, 'Adds solo mode with automated co-pilot and mission cards.', 2.4, 8.2, 28, 3000, 250, '.../skyteam-solo.jpg', '.../skyteam-solo-thumb.jpg', '2025-02-01', '2025-06-10', 'https://www.le-scorpion-masque.com/en/games/skyteam/solo', 'Sky Team Solo Pilot Edition', 4000, 2, 0, 0),
('Sky Team: Collector s Tin', 2024, 'Con scatola in latta e badge esclusivo', 2, 2, 20, 14, 'Includes limited edition tin and enamel pilot badge.', 2.2, 7.9, 35, 3500, 300, '.../skyteam-collectors.jpg', '.../skyteam-collectors-thumb.jpg', '2024-08-01', '2025-06-10', 'https://www.le-scorpion-masque.com/en/games/skyteam/collectors', 'Sky Team Collector s Tin', 5000, 2, 0, 0),
('Sky Team: Japanese Edition', 2024, 'Versione localizzata per il Giappone', 2, 2, 20, 14, 'Complete translation and packaging in Japanese.', 2.2, 7.9, 35, 4000, 350, '.../skyteam-jp.jpg', '.../skyteam-jp-thumb.jpg', '2024-09-01', '2025-06-10', 'https://example.jp/skyteam', 'Sky Team 日本語版', 4500, 2, 0, 0),
('Wingspan: European Expansion', 2019, 'Adds European birds with new abilities and strategies', 1, 5, 70, 10, "This expansion includes new birds from Europe, featuring new powers, abilities, and purple egg tokens. It integrates seamlessly into the base game.", 2.55, 8.2, 200, 30000, 3500, 'https://cf.geekdo-images.com/european.jpg', 'https://cf.geekdo-images.com/european-thumb.jpg', '2019-12-01', '2023-06-01', 'https://stonemaiergames.com/games/wingspan/european-expansion', 'Wingspan European Expansion', 40000, 7, 0, 0),
('Wingspan: Oceania Expansion', 2020, 'Adds birds from Australia and Oceania', 1, 5, 70, 10, "Oceania Expansion introduces new bird cards, a new food type (nectar), and new player mats to the base game.", 2.65, 8.4, 180, 28000, 3000, 'https://cf.geekdo-images.com/oceania.jpg', 'https://cf.geekdo-images.com/oceania-thumb.jpg', '2020-10-01', '2023-06-01', 'https://stonemaiergames.com/games/wingspan/oceania-expansion', 'Wingspan Oceania Expansion', 35000, 6, 0, 0),
('Wingspan: Asia Expansion', 2022, 'Adds Asian birds and Duet mode for two players', 1, 2, 40, 10, "The Asia Expansion includes new Asian birds and introduces a new two-player mode called 'Duet', along with solo play enhancements.", 2.7, 8.3, 220, 22000, 2100, 'https://cf.geekdo-images.com/asia.jpg', 'https://cf.geekdo-images.com/asia-thumb.jpg', '2022-11-01', '2023-06-01', 'https://stonemaiergames.com/games/wingspan/asia-expansion', 'Wingspan Asia Expansion', 30000, 5, 0, 0),
('Wingspan: Deluxe Edition', 2021, 'Premium version with upgraded components and storage', 1, 5, 70, 10, "Deluxe edition of Wingspan with upgraded eggs, trays, and storage. No gameplay changes.", 2.45, 8.1, 20, 12000, 800, 'https://cf.geekdo-images.com/deluxe.jpg', 'https://cf.geekdo-images.com/deluxe-thumb.jpg', '2021-09-01', '2023-06-01', 'https://stonemaiergames.com/games/wingspan/deluxe', 'Wingspan Deluxe Edition', 18000, 4, 0, 0),
('Wingspan: German Edition', 2020, 'Localized version in German', 1, 5, 70, 10, "Wingspan in German language with localized text and rules.", 2.45, 8.1, 20, 9000, 600, 'https://cf.geekdo-images.com/german.jpg', 'https://cf.geekdo-images.com/german-thumb.jpg', '2020-04-01', '2023-06-01', 'https://example.de/wingspan', 'Wingspan - Deutsche Version', 15000, 3, 0, 0),
('Wingspan: Collector s Edition', 2023, 'Limited release with metallic eggs and foil cards', 1, 5, 70, 10, "Collector's edition includes foil bird cards, embossed packaging, and metallic egg tokens.", 2.45, 8.1, 20, 5000, 400, 'https://cf.geekdo-images.com/collectors.jpg', 'https://cf.geekdo-images.com/collectors-thumb.jpg', '2023-04-01', '2023-06-01', 'https://stonemaiergames.com/games/wingspan/collectors', 'Wingspan Collector s Edition', 8000, 4, 0, 0),
('Wingspan: Spanish Edition', 2021, 'Spanish language version of the base game', 1, 5, 70, 10, "Wingspan base game localized for Spanish speakers.", 2.45, 8.1, 20, 8500, 550, 'https://cf.geekdo-images.com/spanish.jpg', 'https://cf.geekdo-images.com/spanish-thumb.jpg', '2021-06-01', '2023-06-01', 'https://example.es/wingspan', 'Wingspan - Edición Española', 13000, 2, 0, 0),
('Wingspan: 5th Anniversary Edition', 2024, 'Commemorative edition celebrating 5 years of Wingspan', 1, 5, 70, 10, "A special edition celebrating the 5th anniversary of Wingspan with exclusive artwork and a hardcover rulebook.", 2.45, 8.1, 20, 4500, 350, 'https://cf.geekdo-images.com/anniversary.jpg', 'https://cf.geekdo-images.com/anniversary-thumb.jpg', '2024-03-01', '2024-12-01', 'https://stonemaiergames.com/games/wingspan/anniversary', 'Wingspan 5th Anniversary Edition', 6000, 3, 0, 0),
('Gloomhaven: Forgotten Circles', 2020, 'Nuove campagne, classi e scenari', 1, 4, 120, 14, "Forgotten Circles introduces a side-campaign, two new classes, and over 20 new scenarios.", 3.8, 8.9, 5, 20000, 1500, '.../forgotten.jpg', '.../forgotten-thumb.jpg', '2020-07-01', '2024-01-05', 'https://cephalofair.com/gloomhaven/forgotten-circles', 'Gloomhaven Forgotten Circles', 50000, 10, 0, 0),
('Gloomhaven: Removable Campaign', 2021, 'Moduli di campagna rimovibili per partite rapide', 1, 4, 90, 14, "Adds modular campaign elements for shorter gameplay sessions.", 3.8, 8.8, 7, 15000, 900, '.../modular.jpg', '.../modular-thumb.jpg', '2021-05-15', '2024-01-05', 'https://cephalofair.com/gloomhaven/modular-campaign', 'Gloomhaven Modular Campaign', 30000, 8, 0, 0),
('Gloomhaven: Jaws of the Lion', 2020, 'Stand-alone entry point con nuovi personaggi', 1, 4, 60, 12, "Standalone version ideal for newcomers, with streamlined setup and story.", 3.7, 8.7, 10, 25000, 2000, '.../jotl.jpg', '.../jotl-thumb.jpg', '2020-09-17', '2024-01-05', 'https://cephalofair.com/gloomhaven/jotl', 'Gloomhaven Jaws of the Lion', 60000, 12, 0, 0),
('Gloomhaven: Deluxe Edition', 2022, 'Artsetto deluxe con organizer e miniature metalliche', 1, 4, 120, 14, "...", 3.8, 8.9, 5, 8000, 500, '.../deluxe.jpg', '.../deluxe-thumb.jpg', '2022-10-01', '2024-01-05', 'https://cephalofair.com/gloomhaven/deluxe', 'Gloomhaven Deluxe Edition', 12000, 5, 0, 0),
('Gloomhaven: Italian Edition', 2019, 'Versione italiana completa', 1, 4, 120, 14, "...", 3.8, 8.9, 5, 11000, 700, '.../italian.jpg', '.../italian-thumb.jpg', '2019-06-01', '2024-01-05', 'https://esempio.it/gloomhaven', 'Gloomhaven Edizione Italiana', 15000, 4, 0, 0),
('Gloomhaven: Collector\'s Edition', 2023, 'Con case deluxe e carte foil', 1, 4, 120, 14, "...", 3.8, 8.9, 5, 5000, 400, '.../collector.jpg', '.../collector-thumb.jpg', '2023-04-01', '2024-01-05', 'https://cephalofair.com/gloomhaven/collector', 'Gloomhaven Collector\'s Edition', 7000, 3, 0, 0),
('Gloomhaven: 5th Anniversary Edition', 2024, 'Art histo e copertina rigida', 1, 4, 120, 14, "...", 3.8, 8.9, 5, 4000, 300, '.../anniversary.jpg', '.../anniversary-thumb.jpg', '2024-05-01', '2024-12-01', 'https://cephalofair.com/gloomhaven/anniversary', 'Gloomhaven 5th Anniversary Edition', 6000, 2, 0, 0),
('Gloomhaven: Russian Edition', 2020, 'Localizzazione russa', 1, 4, 120, 14, "...", 3.8, 8.9, 5, 9000, 600, '.../russian.jpg', '.../russian-thumb.jpg', '2020-11-01', '2024-01-05', 'https://esempio.ru/gloomhaven', 'Gloomhaven Российское издание', 12000, 3, 0, 0),
('Azul: Stained Glass of Sintra', 2019, 'Nuove tessere e tabelloni per un’esperienza premium', 2, 4, 45, 8, "...", 1.9, 7.7, 50, 20000, 1700, '.../sintra.jpg', '.../sintra-thumb.jpg', '2019-02-01', '2024-03-10', 'https://nextmove.games/azul/sintra', 'Azul: Stained Glass of Sintra', 30000, 9, 0, 0),
('Azul: Summer Pavilion', 2020, 'MODALITÀ ESPANSIVA con mosaici nuovi', 2, 4, 40, 8, "...", 2.1, 7.8, 45, 18000, 1300, '.../summer.jpg', '.../summer-thumb.jpg', '2020-06-01', '2024-03-10', 'https://nextmove.games/azul/summer', 'Azul: Summer Pavilion', 28000, 8, 0, 0),
('Azul: Queen s Garden', 2022, 'Espansione modulare con nuove regole', 2, 4, 40, 8, "...", 2.2, 7.9, 40, 16000, 1200, '.../queen.jpg', '.../queen-thumb.jpg', '2022-05-01', '2024-03-10', 'https://nextmove.games/azul/queen', 'Azul: Queen s Garden', 25000, 7, 0, 0),
('Azul: Deluxe Edition', 2021, 'Edizione deluxe con tessere lucide e organizer', 2, 4, 45, 8, "...", 1.9, 7.7, 50, 9000, 800, '.../azul-deluxe.jpg', '.../azul-deluxe-thumb.jpg', '2021-09-01', '2024-03-10', 'https://nextmove.games/azul/deluxe', 'Azul Deluxe Edition', 12000, 5, 0, 0),
('Azul: 5th Anniversary Edition', 2024, 'Con pezzi commemorativi e grafica celebrativa', 2, 4, 45, 8, "...", 1.9, 7.7, 50, 5000, 500, '.../azul-anniversary.jpg', '.../azul-anniversary-thumb.jpg', '2024-04-01', '2024-12-01', 'https://nextmove.games/azul/anniversary', 'Azul 5th Anniversary', 7000, 3, 0, 0),
('Azul: German Edition', 2020, 'Versione tedesca', 2, 4, 45, 8, "...", 1.9, 7.7, 50, 8000, 600, '.../azul-de.jpg', '.../azul-de-thumb.jpg', '2020-07-01', '2024-03-10', 'https://example.de/azul', 'Azul – Deutsche Ausgabe', 10000, 4, 0, 0),
('Azul: Collector s Edition', 2023, 'Con scatola metallica e tessere stondate', 2, 4, 45, 8, "...", 1.9, 7.7, 50, 4000, 300, '.../azul-collector.jpg', '.../azul-collector-thumb.jpg', '2023-03-01', '2024-03-10', 'https://nextmove.games/azul/collector', 'Azul Collector s Edition', 6000, 2, 0, 0),
('Azul: Spanish Edition', 2021, 'Versione in spagnolo', 2, 4, 45, 8, "...", 1.9, 7.7, 50, 8500, 550, '.../azul-es.jpg', '.../azul-es-thumb.jpg', '2021-06-01', '2024-03-10', 'https://example.es/azul', 'Azul Edición Española', 11000, 4, 0, 0),
('Pandemic: On the Brink', 2009, 'Nuove modalità e ruoli virali', 2, 4, 60, 8, "...", 2.4, 7.5, 80, 25000, 2000, '.../onthebrink.jpg', '.../onthebrink-thumb.jpg', '2009-09-01', '2024-02-20', 'https://www.zmangames.com/en/pandemic/onthebrink', 'Pandemic On the Brink', 50000, 12, 0, 0),
('Pandemic: In the Lab', 2013, 'Espansione con laboratorio e obiettivi bonus', 2, 4, 75, 12, "...", 2.6, 7.6, 70, 20000, 1700, '.../inthelab.jpg', '.../inthelab-thumb.jpg', '2014-03-01', '2024-02-20', 'https://www.zmangames.com/en/pandemic/inthelab', 'Pandemic In the Lab', 40000, 10, 0, 0),
('Pandemic: State of Emergency', 2015, 'Tre epidemie simultanee e card aggiuntive', 2, 5, 60, 8, "...", 2.5, 7.7, 75, 18000, 1500, '.../soe.jpg', '.../soe-thumb.jpg', '2015-08-01', '2024-02-20', 'https://www.zmangames.com/en/pandemic/soe', 'Pandemic State of Emergency', 35000, 9, 0, 0),
('Pandemic: Legacy Season 1', 2015, 'Campagna legacy con memorie permanenti', 2, 4, 60, 13, "...", 2.7, 8.5, 15, 22000, 2100, '.../legacy1.jpg', '.../legacy1-thumb.jpg', '2015-09-01', '2024-02-20', 'https://www.zmangames.com/en/pandemic/legacy1', 'Pandemic Legacy Season 1', 30000, 11, 0, 0),
('Pandemic: Legacy Season 2', 2017, 'Continuazione della saga legacy', 2, 4, 60, 13, "...", 2.8, 8.4, 18, 18000, 1600, '.../legacy2.jpg', '.../legacy2-thumb.jpg', '2017-11-01', '2024-02-20', 'https://www.zmangames.com/en/pandemic/legacy2', 'Pandemic Legacy Season 2', 25000, 9, 0, 0),
('Pandemic: Iberia', 2016, 'Ambientazione storica nella Spagna del 19º secolo', 2, 4, 45, 10, "...", 2.5, 7.8, 60, 15000, 1300, '.../iberia.jpg', '.../iberia-thumb.jpg', '2016-05-01', '2024-02-20', 'https://www.zmangames.com/en/pandemic/iberia', 'Pandemic Iberia', 20000, 8, 0, 0),
('Pandemic: Italian Edition', 2020, 'Traduzione italiana completa', 2, 4, 60, 8, "...", 2.4, 7.5, 80, 14000, 1200, '.../pandemic-it.jpg', '.../pandemic-it-thumb.jpg', '2020-10-01', '2024-02-20', 'https://esempio.it/pandemic', 'Pandemic Edizione Italiana', 17000, 5, 0, 0),
('Pandemic: Collector s Edition', 2023, 'Con componenti deluxe e packaging premium', 2, 4, 60, 8, "...", 2.4, 7.5, 80, 7000, 800, '.../pandemic-collector.jpg', '.../pandemic-collector-thumb.jpg', '2023-01-01', '2024-02-20', 'https://www.zmangames.com/en/pandemic/collector', 'Pandemic Collector s Edition', 9000, 4, 0, 0),
('Catan: Seafarers', 1997, 'Espansione con navi e isole', 3, 4, 120, 10, "...", 2.6, 7.2, 120, 60000, 5000, '.../seafarers.jpg', '.../seafarers-thumb.jpg', '1997-11-01', '2024-04-10', 'https://www.catan.com/catan-expansions/seafarers', 'Catan Seafarers', 80000, 13, 0, 0),
('Catan: Cities & Knights', 1998, 'Espansione con cavalieri e progresso urbano', 3, 4, 150, 12, "...", 2.9, 7.4, 100, 55000, 4800, '.../cities.jpg', '.../cities-thumb.jpg', '1998-08-01', '2024-04-10', 'https://www.catan.com/catan-expansions/cities-knights', 'Catan Cities & Knights', 75000, 12, 0, 0),
('Catan: Traders & Barbarians', 2008, 'Modulo espansivo con scenari multipli', 3, 4, 140, 10, "...", 2.7, 7.3, 110, 50000, 4500, '.../traders.jpg', '.../traders-thumb.jpg', '2008-07-01', '2024-04-10', 'https://www.catan.com/catan-expansions/traders-barbarians', 'Catan Traders & Barbarians', 70000, 11, 0, 0),
('Catan: 3rd Edition', 2015, 'Edizione con grafica rinnovata', 3, 4, 90, 10, "...", 2.6, 7.2, 120, 20000, 2000, '.../catan3.jpg', '.../catan3-thumb.jpg', '2015-03-01', '2024-04-10', 'https://www.catan.com/catan/core-game', 'Catan 3rd Edition', 30000, 8, 0, 0),
('Catan: Deluxe Edition', 2020, 'Scatola legno, pedine lanciate e gioco magnetico', 3, 4, 90, 10, "...", 2.6, 7.2, 120, 8000, 900, '.../catan-deluxe.jpg', '.../catan-deluxe-thumb.jpg', '2020-11-01', '2024-04-10', 'https://www.catan.com/catan/deluxe', 'Catan Deluxe Edition', 12000, 6, 0, 0),
('Catan: Italian Edition', 2021, 'Versione italiana rinnovata', 3, 4, 90, 10, "...", 2.6, 7.2, 120, 15000, 1300, '.../catan-it.jpg', '.../catan-it-thumb.jpg', '2021-02-01', '2024-04-10', 'https://esempio.it/catan', 'Catan Edizione Italiana', 18000, 5, 0, 0),
('Catan: 5th Anniversary Edition', 2024, 'Consegna speciale per 5 anni', 3, 4, 90, 10, "...", 2.6, 7.2, 120, 5000, 600, '.../catan-anniversary.jpg', '.../catan-anniversary-thumb.jpg', '2024-05-01', '2024-12-01', 'https://www.catan.com/catan/anniversary', 'Catan 5th Anniversary Edition', 7000, 3, 0, 0),
('Catan: German Edition', 2018, 'Versione tedesca', 3, 4, 90, 10, "...", 2.6, 7.2, 120, 10000, 1100, '.../catan-de.jpg', '.../catan-de-thumb.jpg', '2018-04-01', '2024-04-10', 'https://example.de/catan', 'Catan – Deutsche Ausgabe', 14000, 4, 0, 0),
('Ticket to Ride: Europe', 2005, 'Mappa europea con tunnel e ferries', 2, 5, 60, 8, "...", 1.9, 7.4, 90, 45000, 3500, '.../europe.jpg', '.../europe-thumb.jpg', '2005-01-01', '2024-05-15', 'https://www.daysofwonder.com/tickettoride/en/europe/', 'TTR Europe', 60000, 11, 0, 0),
('Ticket to Ride: 1910 Expansion', 2011, 'Mappe aggiuntive e carte bonus', 2, 5, 30, 8, "...", 1.8, 7.5, 85, 40000, 3000, '.../1910.jpg', '.../1910-thumb.jpg', '2011-10-01', '2024-05-15', 'https://www.daysofwonder.com/tickettoride/en/1910-expansion/', 'TTR 1910', 50000, 10, 0, 0),
('Ticket to Ride: Nordic Countries', 2007, 'Mappa nordica per 2–3 giocatori', 2, 3, 50, 8, "...", 1.9, 7.3, 95, 20000, 2500, '.../nordic.jpg', '.../nordic-thumb.jpg', '2007-08-01', '2024-05-15', 'https://www.daysofwonder.com/tickettoride/en/nordic/', 'TTR Nordic', 30000, 8, 0, 0),
('Ticket to Ride: USA 15th Anniversary', 2021, 'Edizione speciale 15 anni', 2, 5, 60, 8, "...", 1.9, 7.4, 90, 8000, 900, '.../usa15.jpg', '.../usa15-thumb.jpg', '2021-09-01', '2024-05-15', 'https://www.daysofwonder.com/tickettoride/en/usa15th/', 'TTR USA 15th Anniversary', 12000, 7, 0, 0),
('Ticket to Ride: Nordic Countries – Swedish Version', 2008, 'Versione in svedese', 2, 3, 50, 8, "...", 1.9, 7.3, 95, 5000, 600, '.../nordic-se.jpg', '.../nordic-se-thumb.jpg', '2008-10-01', '2024-05-15', 'https://example.se/ttr-nordic', 'TTR Nordic Svenska', 7000, 4, 0, 0),
('Ticket to Ride: Europe – Italian Edition', 2006, 'Versione italiana', 2, 5, 60, 8, "...", 1.9, 7.4, 90, 9000, 800, '.../europe-it.jpg', '.../europe-it-thumb.jpg', '2006-05-01', '2024-05-15', 'https://example.it/ttr-europe', 'TTR Europe Edizione Italiana', 14000, 5, 0, 0),
('Ticket to Ride: Deluxe Edition', 2019, 'Edizione deluxe con componenti upgraded', 2, 5, 60, 8, "...", 1.9, 7.4, 90, 4000, 450, '.../deluxe.jpg', '.../deluxe-thumb.jpg', '2019-11-01', '2024-05-15', 'https://www.daysofwonder.com/tickettoride/en/deluxe/', 'TTR Deluxe Edition', 6000, 3, 0, 0),
('Ticket to Ride: German Edition', 2015, 'Versione tedesca', 2, 5, 60, 8, "...", 1.9, 7.4, 90, 10000, 1100, '.../ttr-de.jpg', '.../ttr-de-thumb.jpg', '2015-04-01', '2024-05-15', 'https://example.de/ttr', 'TTR Deutsche Ausgabe', 13000, 4, 0, 0),
('Splendor: Cities of Splendor', 2017, '4 moduli espansivi (Cities, Orient, Trading Posts, The Stronghold)', 2, 4, 30, 10, "...", 1.8, 7.5, 110, 30000, 2400, '.../cities.jpg', '.../cities-thumb.jpg', '2017-02-01', '2024-06-01', 'https://boardgamegeek.com/boardgame/241627/cities-splendor', 'Splendor Cities', 35000, 9, 0, 0),
('Splendor: Splendor Marvel', 2018, 'Themed su supereroi Marvel', 2, 4, 30, 10, "...", 1.8, 7.3, 130, 25000, 2000, '.../marvel.jpg', '.../marvel-thumb.jpg', '2018-03-01', '2024-06-01', 'https://boardgamegeek.com/boardgame/255740/splendor-marvel', 'Splendor Marvel', 30000, 8, 0, 0),
('Splendor: Expansion', 2020, 'Extra card per maggiore varietà', 2, 4, 30, 10, "...", 1.8, 7.5, 110, 20000, 1800, '.../extra.jpg', '.../extra-thumb.jpg', '2020-10-01', '2024-06-01', 'https://boardgamegeek.com/boardgameexpanded', 'Splendor Extra', 25000, 7, 0, 0),
('Splendor: Deluxe Edition', 2019, 'Tessere spesse, organizer in legno', 2, 4, 30, 10, "...", 1.8, 7.5, 110, 8000, 700, '.../splendor-deluxe.jpg', '.../splendor-deluxe-thumb.jpg', '2019-05-01', '2024-06-01', 'https://example.com/splendor/deluxe', 'Splendor Deluxe Edition', 12000, 5, 0, 0),
('Splendor: Premium Metal Tokens Edition', 2021, 'Gettoni in metallo e scatola premium', 2, 4, 30, 10, "...", 1.8, 7.5, 110, 6000, 500, '.../premium.jpg', '.../premium-thumb.jpg', '2021-03-01', '2024-06-01', 'https://example.com/splendor/premium', 'Splendor Premium Metal Tokens', 9000, 4, 0, 0),
('Splendor: Italian Edition', 2020, 'Versione italiana', 2, 4, 30, 10, "...", 1.8, 7.5, 110, 9000, 800, '.../splendor-it.jpg', '.../splendor-it-thumb.jpg', '2020-08-01', '2024-06-01', 'https://esempio.it/splendor', 'Splendor Edizione Italiana', 14000, 4, 0, 0),
('Splendor: Collector s Edition', 2023, 'Carte foil e scatola da collezione', 2, 4, 30, 10, "...", 1.8, 7.5, 110, 4000, 350, '.../splendor-collector.jpg', '.../splendor-collector-thumb.jpg', '2023-02-01', '2024-06-01', 'https://example.com/splendor/collector', 'Splendor Collector s Edition', 6000, 3, 0, 0),
('Splendor: 5th Anniversary Edition', 2024, 'Art commemorativa di lusso', 2, 4, 30, 10, "...", 1.8, 7.5, 110, 5000, 450, '.../splendor-anniversary.jpg', '.../splendor-anniversary-thumb.jpg', '2024-05-01', '2024-12-01', 'https://example.com/splendor/anniversary', 'Splendor 5th Anniversary Edition', 7000, 2, 0, 0),
('7 Wonders: Leaders', 2016, 'Carte Leader per poteri speciali', 3, 7, 30, 10, "...", 2.5, 7.8, 60, 40000, 3400, '.../leaders.jpg', '.../leaders-thumb.jpg', '2016-05-01', '2024-07-01', 'https://www.rprod.com/7wonders/leaders', '7 Wonders Leaders', 50000, 10, 0, 0),
('7 Wonders: Cities', 2017, 'Espansione interattiva con intrighi', 3, 7, 30, 10, "...", 2.6, 7.7, 65, 35000, 3000, '.../cities7w.jpg', '.../cities7w-thumb.jpg', '2017-03-01', '2024-07-01', 'https://www.rprod.com/7wonders/cities', '7 Wonders Cities', 45000, 9, 0, 0),
('7 Wonders: Armada', 2019, 'Espansione navale e nouvelle governance', 3, 7, 30, 10, "...", 2.6, 7.6, 70, 30000, 2800, '.../armada.jpg', '.../armada-thumb.jpg', '2019-03-01', '2024-07-01', 'https://www.rprod.com/7wonders/armada', '7 Wonders Armada', 35000, 8, 0, 0),
('7 Wonders: Anniversary Edition', 2024, 'Edizione deluxe per 10º anniversario', 3, 7, 30, 10, "...", 2.6, 7.8, 60, 6000, 700, '.../7w-anniv.jpg', '.../7w-anniv-thumb.jpg', '2024-01-01', '2024-12-01', 'https://www.rprod.com/7wonders/anniversary', '7 Wonders Anniversary Edition', 8000, 4, 0, 0),
('7 Wonders: Deluxe Edition', 2021, 'Tessere premium e organizer interno', 3, 7, 30, 10, "...", 2.6, 7.8, 60, 9000, 800, '.../7w-deluxe.jpg', '.../7w-deluxe-thumb.jpg', '2021-06-01', '2024-07-01', 'https://www.rprod.com/7wonders/deluxe', '7 Wonders Deluxe Edition', 12000, 5, 0, 0),
('7 Wonders: German Edition', 2018, 'Versione in tedesco', 3, 7, 30, 10, "...", 2.6, 7.8, 60, 10000, 900, '.../7w-de.jpg', '.../7w-de-thumb.jpg', '2018-04-01', '2024-07-01', 'https://example.de/7wonders', '7 Wonders - Deutsche Ausgabe', 13000, 4, 0, 0),
('7 Wonders: Italian Edition', 2019, 'Traduzione italiana ufficiale', 3, 7, 30, 10, "...", 2.6, 7.8, 60, 11000, 1000, '.../7w-it.jpg', '.../7w-it-thumb.jpg', '2019-05-01', '2024-07-01', 'https://esempio.it/7wonders', '7 Wonders Edizione Italiana', 14000, 5, 0, 0),
('7 Wonders: Collector s Edition', 2023, 'Carte foil, miniature e scatola deluxe', 3, 7, 30, 10, "...", 2.6, 7.8, 60, 5000, 600, '.../7w-collector.jpg', '.../7w-collector-thumb.jpg', '2023-03-01', '2024-07-01', 'https://www.rprod.com/7wonders/collector', '7 Wonders Collector s Edition', 7000, 3, 0, 0),
('Codenames: Deep Undercover', 2017, 'Adult-oriented word pairs', 2, 8, 15, 17, "...", 1.3, 7.2, 150, 20000, 1800, '.../du.jpg', '.../du-thumb.jpg', '2017-02-01', '2024-08-01', 'https://czechgames.com/codenames/du', 'Codenames Deep Undercover', 25000, 7, 0, 0),
('Codenames: Pictures', 2016, 'Immagini invece di parole', 2, 8, 15, 10, "...", 1.4, 7.3, 140, 18000, 1600, '.../pictures.jpg', '.../pictures-thumb.jpg', '2016-09-01', '2024-08-01', 'https://czechgames.com/codenames/pictures', 'Codenames Pictures', 22000, 6, 0, 0),
('Codenames: XXL', 2018, 'Cartone grande per gruppi numerosi', 2, 8, 20, 10, "...", 1.3, 7.2, 155, 16000, 1500, '.../xxl.jpg', '.../xxl-thumb.jpg', '2018-10-01', '2024-08-01', 'https://czechgames.com/codenames/xxl', 'Codenames XXL', 20000, 5, 0, 0),
('Codenames: Duet', 2017, 'Versione cooperativa per due giocatori', 2, 2, 15, 10, "...", 1.3, 7.4, 130, 30000, 2500, '.../duet.jpg', '.../duet-thumb.jpg', '2017-10-01', '2024-08-01', 'https://czechgames.com/codenames/duet', 'Codenames Duet', 35000, 9, 0, 0),
('Codenames: Deep Undercover XXL', 2018, 'Versione XXL dell espansione adult', 2, 8, 20, 17, "...", 1.3, 7.2, 150, 8000, 800, '.../du-xxl.jpg', '.../du-xxl-thumb.jpg', '2018-11-01', '2024-08-01', 'https://czechgames.com/codenames/du-xxl', 'Codename Deep Undercover XXL', 9000, 4, 0, 0),
('Codenames: Italian Edition', 2019, 'Testo in italiano', 2, 8, 15, 10, "...", 1.3, 7.2, 150, 12000, 1100, '.../codename-it.jpg', '.../codename-it-thumb.jpg', '2019-05-01', '2024-08-01', 'https://esempio.it/codenames', 'Codenames Edizione Italiana', 14000, 5, 0, 0),
('Codenames: Spanish Edition', 2020, 'Testo in spagnolo', 2, 8, 15, 10, "...", 1.3, 7.2, 150, 10000, 900, '.../codename-es.jpg', '.../codename-es-thumb.jpg', '2020-06-01', '2024-08-01', 'https://example.es/codenames', 'Codenames Edición Española', 13000, 4, 0, 0),
('Codenames: Collector s Edition', 2023, 'Packaging rigido, componenti premium', 2, 8, 15, 10, "...", 1.3, 7.2, 150, 5000, 600, '.../codename-collector.jpg', '.../codename-collector-thumb.jpg', '2023-02-01', '2024-08-01', 'https://czechgames.com/codenames/collector', 'Codenames Collector s Edition', 7000, 3, 0, 0);


INSERT INTO BoardGame_AlternativeNames (boardgame_id, name) VALUES
(1, 'Sky Team (FR)'),
(1, 'Equipo Cielo'),
(2, 'Flügelschlag'),
(2, 'Ala de Pájaro'),
(3, 'Gloomhaven: Ciudad en la Oscuridad'),
(3, 'Gloomhaven (DE)'),
(4, 'Azul: Il Gioco delle Piastrelle'),
(4, 'Azul (ES)'),
(5, 'Pandemia'),
(5, 'Pandemic (FR)'),
(6, 'Los Colonos de Catán'),
(6, 'Die Siedler von Catan'),
(7, 'Zug um Zug'),
(7, 'Aventureros al Tren'),
(8, 'Splendeur'),
(8, 'Splendor (IT)'),
(9, '7 Wonders: Sette Meraviglie'),
(9, '7 Wonders (FR)'),
(10, 'Codenames: Nome in Codice'),
(10, 'Codenames (DE)');

INSERT INTO Boardgame_Awards (boardgame_id, award_id, year_won) VALUES 
(1, 1, 2024),
(1, 2, 2024),
(1, 3, 2024),
(2, 2, 2019),
(3, 3, 2017),
(4, 1, 2018),
(5, 1, 2009),
(6, 1, 1995),
(10, 1, 2016);

INSERT INTO Boardgame_Categories (boardgame_id, category_id) VALUES 
(1, 10),
(1, 1),
(1, 22),
(1, 12),
(1, 47),
(1, 51),
(1, 30),
(1, 25),
(1, 37),
(1, 21),
(1, 19),
(1, 7),
(1, 36),
(1, 39),
(1, 40),
(2, 11),
(2, 2),
(2, 21),
(2, 25),
(2, 41),
(2, 53),
(3, 1),
(3, 3),
(3, 20),
(3, 13),
(3, 47),
(3, 56),
(4, 1),
(4, 2),
(4, 23),
(4, 14),
(4, 50),
(4, 41),
(5, 10),
(5, 1),
(5, 20),
(5, 12),
(5, 41),
(5, 53),
(6, 1),
(6, 2),
(6, 17),
(6, 12),
(6, 41),
(6, 44),
(7, 2),
(7, 1),
(7, 24),
(7, 25),
(7, 41),
(7, 44),
(8, 11),
(8, 2),
(8, 21),
(8, 25),
(8, 41),
(8, 54),
(9, 8),
(9, 1),
(9, 24),
(9, 25),
(9, 41),
(9, 44),
(10, 6),
(10, 2),
(10, 15),
(10, 41),
(10, 54),
(10, 53); 

INSERT INTO Boardgame_Like (boardgame_id, user_id) VALUES
(1, 1),
(1, 2),
(1, 4),
(2, 1),
(2, 3),
(3, 2),
(3, 5),
(4, 1),
(4, 5),
(5, 3),
(5, 4),
(6, 2),
(7, 1),
(7, 2),
(8, 5),
(9, 3),
(9, 4),
(10, 2),
(10, 5);

INSERT INTO Boardgame_Designer (boardgame_id, person_id) VALUES 
(1, 6),
(2, 5),
(3, 4),
(4, 1),
(5, 8),
(6, 2),
(7, 1),
(8, 7),
(9, 7),
(10, 3);


INSERT INTO Boardgame_Artist (boardgame_id, person_id) VALUES 
(1, 4),
(2, 2),
(3, 2),
(4, 4),
(5, 6),
(6, 9),
(7, 3),
(8, 8),
(9, 7),
(10, 5);


INSERT INTO Boardgame_Publisher (boardgame_id, person_id) VALUES 
(1, 17),
(2, 11),
(3, 16),
(4, 14),
(5, 18),
(6, 19),
(7, 15),
(8, 16),
(9, 12),
(10, 13);


INSERT INTO Microbadges (name, description, image_url) VALUES 
('Wingspan Fan', 'Love for bird-themed games', 'wingspan_badge.png'),
('Cooperative Player', 'Enjoys working together', 'coop_badge.png'),
('Strategy Master', 'Expert in strategic games', 'strategy_badge.png'),
('Euro Game Enthusiast', 'Prefers European-style games', 'euro_badge.png'),
('Thematic Gamer', 'Loves immersive themes', 'theme_badge.png'),
('Party Game Host', 'Brings people together', 'party_badge.png'),
('Collector', 'Has 100+ games', 'collector_badge.png'),
('Designer Follower', 'Follows favorite designers', 'designer_badge.png');


INSERT INTO User_Microbadges (user_id, microbadge_id) VALUES 
(1, 7),
(1, 3),
(2, 1),
(2, 2),
(3, 4),
(3, 3),
(4, 2),
(4, 1),
(5, 5),
(5, 6);


INSERT INTO Forum_Category (name, description) VALUES 
('Istructional', 'Tutorial videos'),
('Reviews', 'Game review videos'),
('Gameplay', 'Actual gameplay footage'),
('Unboxing', 'Unboxing and component overview'),
('Strategy Tips', 'Strategic advice videos'),
('Designer Interview', 'Interviews with game designers'),
('General Discussion', 'General board game discussions'),
('Rules Questions', 'Questions about game rules'),
('Strategy Discussion', 'Strategic tips and analysis'),
('Variants', 'Game variants and house rules'),
('Session Reports', 'Game session experiences'),
('Trading', 'Buy, sell, and trade games'),
('news', 'Latest board game news');


INSERT INTO Video_Category (name, description) VALUES 
('Istructional', 'Tutorial videos'),
('Reviews', 'Game review videos'),
('Gameplay', 'Actual gameplay footage'),
('Unboxing', 'Unboxing and component overview'),
('Strategy Tips', 'Strategic advice videos'),
('Designer Interview', 'Interviews with game designers');


INSERT INTO Boardgame_Media (boardgame_id, title, media_type, description, uri, upload_date, uploader_user_id, n_likes, n_comments, language_id) VALUES 
(1, 'Sky Team Box Art', 'image', 'Official box cover artwork for Sky Team', 'https://cf.geekdo-images.com/1kcR8_y1GHUXRjm-lejTPQ__imagepage/img/2R7GyXzbsB2-LPkiTlmq6m-ZwzU=/fit-in/900x600/filters:no_upscale():strip_icc()/pic8330249.jpg', '2024-01-10', 1, 45, 5, 1),
(1, 'Sky Team Dice and Cards', 'image', 'Close-up photo of the custom dice and airport cards', 'https://cf.geekdo-images.com/_oj4rP67hfzfAtyH0Xmk6A__imagepage/img/37cgNJgG3Mg3mNYlt8G0R5dWbMA=/fit-in/900x600/filters:no_upscale():strip_icc()/pic8039211.jpg', '2024-01-12', 2, 33, 3, 2),
(1, 'Sky Team Gameplay Action', 'image', 'Players cooperating during an intense landing sequence', 'https://cf.geekdo-images.com/U8lNYz3PParcWemI89-PCw__imagepage/img/gu4b9BJYj5MUq3wILO3_NoWiyRM=/fit-in/900x600/filters:no_upscale():strip_icc()/pic7989380.jpg', '2024-01-14', 1, 67, 7, 1),
(2, 'Wingspan Components Photo', 'image', 'High quality photo of all game components', '/images/wingspan_components.jpg', '2024-01-15', 2, 78, 4, 3),
(3, 'Gloomhaven Setup', 'image', 'Game board setup for first scenario', '/images/gloomhaven_setup.jpg', '2024-01-20', 3, 62, 2, 1),
(1, 'Sky Team Cockpit Closeup', 'image', 'Detailed photo of the cockpit board and dice', 'https://cdn.svc.asmodee.net/production-asmodeeit/uploads/image-converter/2024/03/sky-Team-cont.webp', '2024-01-15', 2, 30, 2, 1),
(2, 'Wingspan Bird Cards Spread', 'image', 'A spread of colorful bird cards from Wingspan', 'https://cf.geekdo-images.com/wingspan_birdcards.jpg', '2024-01-18', 3, 42, 3, 1),
(3, 'Gloomhaven Miniatures', 'image', 'Painted miniatures from a Gloomhaven campaign', 'https://cf.geekdo-images.com/gloomhaven_minis.jpg', '2024-01-22', 4, 55, 4, 2),
(4, 'Azul Mosaic Closeup', 'image', 'Close-up of Azul mosaic tiles in play', 'https://cf.geekdo-images.com/azul_mosaic.jpg', '2024-02-10', 3, 27, 2, 1),
(7, 'Ticket to Ride Board Setup', 'image', 'Ticket to Ride board and trains ready for play', 'https://cf.geekdo-images.com/ttr_board.jpg', '2024-03-05', 5, 19, 1, 2),
(1, 'Sky Team How to Play', 'video', 'Tutorial: How to play Sky Team', '/videos/skyteam_howtoplay.mp4', '2024-03-01', 1, 101, 12, 1),
(1, 'Sky Team - a gem of a design', 'video', 'Review of Sky Team by BoardGameMaster', '/videos/skyteam_review.mp4', '2024-03-02', 2, 80, 8, 1),
(1, 'Sky Team Gameplay', 'video', 'Full gameplay session of Sky Team', '/videos/skyteam_gameplay.mp4', '2025-02-03', 3, 60, 6, 6),
(1, 'Sky Team Designer Insights', 'video', 'Interview with the designer of Sky Team', '/videos/skyteam_designer.mp4', '2024-03-04', 4, 40, 3, 1),
(2, 'Wingspan How to Play', 'video', 'Tutorial: How to play Wingspan', '/videos/wingspan_howtoplay.mp4', '2024-03-01', 1, 120, 10, 1),
(2, 'Wingspan Review', 'video', 'Wingspan review by EuroGameFan', '/videos/wingspan_review.mp4', '2024-03-02', 2, 90, 7, 1),
(2, 'Wingspan Strategy Tips', 'video', 'Strategy tips for Wingspan', '/videos/wingspan_strategy.mp4', '2024-03-03', 3, 70, 5, 7),
(2, 'Wingspan Unboxing', 'video', 'Unboxing the Wingspan game', '/videos/wingspan_unboxing.mp4', '2024-03-04', 4, 50, 2, 1),
(3, 'Gloomhaven How to Play', 'video', 'Tutorial: How to play Gloomhaven', '/videos/gloomhaven_howtoplay.mp4', '2024-03-01', 1, 110, 9, 1),
(3, 'Gloomhaven Review', 'video', 'Gloomhaven review by ThematicGamer', '/videos/gloomhaven_review.mp4', '2024-03-02', 2, 85, 6, 1),
(3, 'Gloomhaven Campaign Play', 'video', 'Campaign playthrough of Gloomhaven', '/videos/gloomhaven_campaign.mp4', '2024-03-03', 3, 65, 4, 8),
(3, 'Gloomhaven Unboxing', 'video', 'Unboxing the Gloomhaven box', '/videos/gloomhaven_unboxing.mp4', '2024-03-04', 4, 45, 2, 1),
(4, 'Azul How to Play', 'video', 'Tutorial: How to play Azul', '/videos/azul_howtoplay.mp4', '2024-03-01', 1, 95, 7, 1),
(4, 'Azul Review', 'video', 'Azul review by BoardGameMaster', '/videos/azul_review.mp4', '2024-03-02', 2, 75, 5, 1),
(4, 'Azul Strategy Guide', 'video', 'Strategy guide for Azul', '/videos/azul_strategy.mp4', '2024-03-03', 3, 55, 3, 2),
(4, 'Azul Expansion Overview', 'video', 'Overview of Azul expansions', '/videos/azul_expansion.mp4', '2024-03-04', 4, 35, 1, 1),
(5, 'Pandemic How to Play', 'video', 'Tutorial: How to play Pandemic', '/videos/pandemic_howtoplay.mp4', '2024-03-01', 1, 130, 11, 1),
(5, 'Pandemic Review', 'video', 'Pandemic review by CoopPlayer', '/videos/pandemic_review.mp4', '2024-03-02', 2, 90, 8, 1),
(5, 'Pandemic Strategy Session', 'video', 'Strategy session for Pandemic', '/videos/pandemic_strategy.mp4', '2024-03-03', 3, 70, 5, 3),
(5, 'Pandemic Legacy Comparison', 'video', 'Comparison with Pandemic Legacy', '/videos/pandemic_legacy.mp4', '2024-03-04', 4, 50, 2, 1),
(6, 'Catan How to Play', 'video', 'Tutorial: How to play Catan', '/videos/catan_howtoplay.mp4', '2024-03-01', 1, 140, 13, 1),
(6, 'Catan Review', 'video', 'Catan review by EuroGameFan', '/videos/catan_review.mp4', '2024-03-02', 2, 100, 9, 1),
(6, 'Catan Advanced Strategies', 'video', 'Advanced strategies for Catan', '/videos/catan_strategy.mp4', '2024-03-03', 3, 80, 6, 4),
(6, 'Catan Expansion Guide', 'video', 'Guide to Catan expansions', '/videos/catan_expansion.mp4', '2024-03-04', 4, 60, 3, 1),
(7, 'Ticket to Ride How to Play', 'video', 'Tutorial: How to play Ticket to Ride', '/videos/ttr_howtoplay.mp4', '2024-03-01', 1, 110, 8, 1),
(7, 'Ticket to Ride Review', 'video', 'Ticket to Ride review by BoardGameMaster', '/videos/ttr_review.mp4', '2024-03-02', 2, 85, 6, 1),
(7, 'Ticket to Ride Gameplay', 'video', 'Full gameplay session', '/videos/ttr_gameplay.mp4', '2024-03-03', 3, 65, 4, 5),
(7, 'Ticket to Ride Map Packs', 'video', 'Overview of map packs', '/videos/ttr_mappacks.mp4', '2024-03-04', 4, 45, 2, 1),
(8, 'Splendor How to Play', 'video', 'Tutorial: How to play Splendor', '/videos/splendor_howtoplay.mp4', '2024-03-01', 1, 90, 7, 1),
(8, 'Splendor Review', 'video', 'Splendor review by ThematicGamer', '/videos/splendor_review.mp4', '2024-03-02', 2, 70, 5, 1),
(8, 'Splendor Strategy Tips', 'video', 'Strategy tips for Splendor', '/videos/splendor_strategy.mp4', '2024-03-03', 3, 50, 3, 6),
(8, 'Splendor Expansion Overview', 'video', 'Overview of Splendor expansions', '/videos/splendor_expansion.mp4', '2024-03-04', 4, 30, 1, 1),
(9, '7 Wonders How to Play', 'video', 'Tutorial: How to play 7 Wonders', '/videos/7wonders_howtoplay.mp4', '2024-03-01', 1, 115, 10, 1),
(9, '7 Wonders Review', 'video', '7 Wonders review by BoardGameMaster', '/videos/7wonders_review.mp4', '2024-03-02', 2, 95, 7, 1),
(9, '7 Wonders Strategy Guide', 'video', 'Strategy guide for 7 Wonders', '/videos/7wonders_strategy.mp4', '2024-03-03', 3, 75, 5, 7),
(9, '7 Wonders Duel Comparison', 'video', 'Comparison with 7 Wonders Duel', '/videos/7wonders_duel.mp4', '2024-03-04', 4, 55, 2, 1),
(10, 'Codenames How to Play', 'video', 'Tutorial: How to play Codenames', '/videos/codenames_howtoplay.mp4', '2024-03-01', 1, 105, 8, 1),
(10, 'Codenames Review', 'video', 'Codenames review by GamerGirl42', '/videos/codenames_review.mp4', '2024-03-02', 2, 88, 6, 1),
(10, 'Codenames Party Play', 'video', 'Party play session of Codenames', '/videos/codenames_party.mp4', '2024-03-03', 3, 68, 4, 8),
(10, 'Codenames Variants', 'video', 'Different variants of Codenames', '/videos/codenames_variants.mp4', '2024-03-04', 4, 48, 2, 1),
(1, 'Sky Team First Impressions', 'forum', 'Review after first few plays of Sky Team', 'ds', '2023-11-05', 2, 34, 4, 1),
(1, 'Is Sky Team Worth It?', 'forum', 'A detailed review of Sky Teams mechanics and theme', 'https://example.com/review_sky2', '2023-11-10', 3, 45, 10, 1),
(1, 'Sky Team: Best 2-Player Co-op?', 'forum', 'Exploring Sky Teams potential in the co-op genre', 'https://example.com/review_sky3', '2023-12-01', 4, 50, 7, 1), 
(1, 'Sky Team - Deep Dive Review', 'forum', 'Complete gameplay breakdown and review', 'https://example.com/review_sky4', '2023-12-15', 3, 62, 8, 1),
(1, 'Landing in Montreal: Review', 'forum', 'Review focused on Montreal scenario', 'https://example.com/review_sky5', '2024-01-02', 2, 30, 3, 1),
(1, 'Sky Team Expansion Thoughts', 'forum', 'Speculative review of possible expansions', 'https://example.com/review_sky6', '2024-02-01', 4, 25, 2, 1),
(1, 'Sky Team Rule Question', 'forum', 'Is dice placement optional for landing gear?', 'https://example.com/rules_sky1', '2024-03-10', 7, 15, 5, 1),
(1, 'Sky Team Session Report: Tokyo Landing', 'forum', 'Report of a successful Tokyo scenario game', 'https://example.com/session_sky1', '2024-03-15', 8, 20, 3, 1),
(1, 'Sky Team Strategy: Gear Timing', 'forum', 'Tips on timing gear and flaps optimally', 'https://example.com/strategy_sky1', '2024-04-01', 9, 28, 6, 1),
(1, 'Sky Team Variants', 'forum', 'Optional rule variants for harder difficulty', 'https://example.com/variants_sky1', '2024-04-10', 9, 22, 1, 1),
(2, 'Wingspan Review: A Birdwatchers Dream', 'forum', 'Detailed thoughts on Wingspans art and gameplay', 'https://example.com/review_wings1', '2019-05-10', 8, 120, 15, 1),
(2, 'Is Wingspan Overrated?', 'forum', 'Critical review discussing flaws', 'https://example.com/review_wings2', '2019-06-12', 4, 85, 20, 1),
(2, 'Wingspan Solo Mode Review', 'forum', 'Playing Wingspan solo - a thorough review', 'https://example.com/review_wings3', '2019-07-01', 6, 95, 12, 1),
(2, 'Wingspan Expansion Review: Oceania', 'forum', 'Is the Oceania expansion worth it?', 'https://example.com/review_wings4', '2020-01-10', 5, 105, 18, 1),
(2, 'Wingspan - Game Mechanics Explained', 'forum', 'A gameplay-focused review on mechanics', 'https://example.com/review_wings5', '2020-02-20', 7, 90, 10, 1),
(2, 'Wingspan Review for Families', 'forum', 'Is this game good for casual players and families?', 'https://example.com/review_wings6', '2020-03-05', 7, 78, 7, 1),
(2, 'Rules Clarification: Tuck Cards', 'forum', 'Clarifying bird tuck abilities', 'https://example.com/rules_wings1', '2020-03-12', 6, 40, 3, 1),
(2, 'Strategy: Forest vs Wetland Focus', 'forum', 'Which habitat should you prioritize?', 'https://example.com/strategy_wings1', '2020-03-20', 3, 58, 6, 1),
(2, 'Session Report: High Score Attempt', 'forum', 'Shared my 102-point solo game session', 'https://example.com/session_wings1', '2020-03-25', 8, 50, 2, 1),
(2, 'Variants: House Rules with 6 Players', 'forum', 'Our tweaks to allow more players', 'https://example.com/variants_wings1', '2020-04-01', 5, 33, 4, 1),
(3, 'Gloomhaven Review: A Legacy Game Masterpiece', 'forum', 'Comprehensive look at Gloomhaven', 'https://example.com/review_gh1', '2018-02-10', 1, 210, 25, 1),
(3, 'Gloomhaven Campaign: 30 Hours In', 'forum', 'Long-term impressions review', 'https://example.com/review_gh2', '2018-03-15', 5, 190, 20, 1),
(3, 'Gloomhaven Class Mechanics Review', 'forum', 'Class variety and playstyle breakdown', 'https://example.com/review_gh3', '2018-04-01', 2, 170, 15, 1),
(3, 'Gloomhaven Solo Experience', 'forum', 'Is it fun to play alone?', 'https://example.com/review_gh4', '2018-04-20', 3, 160, 13, 1),
(3, 'Gloomhaven: Is the Hype Real?', 'forum', 'Critical analysis of gameplay depth', 'https://example.com/review_gh5', '2018-05-05', 2, 185, 18, 1),
(3, 'Gloomhaven Expansion Review', 'forum', 'Thoughts on Forgotten Circles', 'https://example.com/review_gh6', '2019-01-10', 9, 175, 12, 1),
(3, 'Rules Question: Exhaustion Mechanic', 'forum', 'Clarifying the rules on exhaustion', 'https://example.com/rules_gh1', '2018-06-15', 2, 70, 5, 1),
(3, 'Session Report: The Ruinous Crypt', 'forum', 'Toughest mission so far', 'https://example.com/session_gh1', '2018-07-01', 5, 95, 7, 1),
(3, 'Strategy Talk: Crowd Control Builds', 'forum', 'Best support class strategies', 'https://example.com/strategy_gh1', '2018-08-01', 3, 110, 8, 1),
(3, 'Variants: Permadeath Mode', 'forum', 'Our groups variant for added tension', 'https://example.com/variants_gh1', '2018-09-01', 7, 60, 3, 1),
(4, 'Azul Review: Elegant Simplicity', 'forum', 'Review on Azuls mechanics and aesthetics', 'https://example.com/review_azul1', '2017-09-15', 2, 140, 10, 1),
(4, 'Azul: Family Favorite?', 'forum', 'Casual playability review', 'https://example.com/review_azul2', '2017-10-05', 1, 125, 9, 1),
(4, 'Azul: Strategy vs Luck Review', 'forum', 'Analyzing depth and randomness', 'https://example.com/review_azul3', '2017-11-01', 1, 130, 11, 1),
(4, 'Azul Components & Replay Value', 'forum', 'Focus on production and longevity', 'https://example.com/review_azul4', '2017-12-01', 1, 120, 8, 1),
(4, 'Azul Expansion Review: Crystal Mosaic', 'forum', 'Reviewing the tile overlays', 'https://example.com/review_azul5', '2018-06-01', 3, 95, 6, 1),
(4, 'Azul: Competitive Play Review', 'forum', 'High-level match insights', 'https://example.com/review_azul6', '2018-08-01', 8, 100, 7, 1),
(4, 'Azul Rules Clarification: Factory Drafting', 'forum', 'Clarification on early drafting', 'https://example.com/rules_azul1', '2017-10-10', 5, 45, 2, 1),
(4, 'Strategy Tips: Center Tile Traps', 'forum', 'When to take a penalty for advantage', 'https://example.com/strategy_azul1', '2017-11-10', 7, 60, 4, 1),
(4, 'Azul Session Report: 2-Player Duel', 'forum', 'Fun match with house scoring variant', 'https://example.com/session_azul1', '2017-11-25', 5, 70, 3, 1),
(4, 'Azul Variant: Draft Row Instead of Factory', 'forum', 'Home rule exploration', 'https://example.com/variants_azul1', '2017-12-10', 7, 55, 2, 1),
(5, 'Pandemic Review: Tense Cooperative Play', 'forum', 'Review of base game tension and balance', 'https://example.com/review_pandemic1', '2008-04-01', 5, 130, 15, 1),
(5, 'Pandemic: Still Relevant Today?', 'forum', 'Modern perspective on gameplay', 'https://example.com/review_pandemic2', '2019-01-05', 2, 100, 12, 1),
(5, 'Pandemic Legacy Review', 'forum', 'Thoughts on Season 1 and 2', 'https://example.com/review_pandemic3', '2018-07-01', 3, 160, 20, 1),
(5, 'Pandemic Thematic Review', 'forum', 'How theme integrates with gameplay', 'https://example.com/review_pandemic4', '2018-03-10', 3, 85, 6, 1),
(5, 'Best Pandemic Expansion?', 'forum', 'Comparing expansions', 'https://example.com/review_pandemic5', '2017-06-01', 9, 115, 9, 1),
(5, 'Is Pandemic Good for Beginners?', 'forum', 'Accessibility review', 'https://example.com/review_pandemic6', '2016-02-01', 9, 78, 5, 1),
(5, 'Strategy Tips: Medic Efficiency', 'forum', 'How to maximize the Medics power', 'https://example.com/strategy_pandemic1', '2017-04-15', 4, 90, 4, 1),
(5, 'Rules Question: Outbreak Chain Reaction', 'forum', 'Clarifying spread rules', 'https://example.com/rules_pandemic1', '2015-08-10', 4, 45, 2, 1),
(5, 'Pandemic Session Report: Solo with 4 Roles', 'forum', 'Challenging but fun!', 'https://example.com/session_pandemic1', '2016-01-01', 4, 60, 4, 1),
(5, 'Variants: Hard Mode - No Event Cards', 'forum', 'Increasing difficulty with simple rule tweak', 'https://example.com/variants_pandemic1', '2015-03-15', 6, 55, 3, 1),
(6, 'Catan Review: The Classic Trade Game', 'forum', 'Why Catan remains a gateway game favorite', 'https://example.com/review_catan1', '2010-05-10', 3, 250, 30, 1),
(6, 'Catan Strategy Deep Dive', 'forum', 'Advanced tips for trading and expansion', 'https://example.com/review_catan2', '2011-06-15', 9, 220, 25, 1),
(6, 'Catan: Is It Still Fresh After Years?', 'forum', 'Reviewing replayability after thousands of plays', 'https://example.com/review_catan3', '2013-07-20', 8, 210, 20, 1),
(6, 'Catan Expansion Reviews', 'forum', 'Which expansions are worth buying?', 'https://example.com/review_catan4', '2015-01-05', 5, 190, 18, 1),
(6, 'Catan Family Play Review', 'forum', 'Fun for kids and adults alike', 'https://example.com/review_catan5', '2012-09-10', 6, 180, 17, 1),
(6, 'Catan Competitive Play Insights', 'forum', 'Tournament level strategies', 'https://example.com/review_catan6', '2014-11-11', 9, 230, 22, 1),
(6, 'Rules Clarification: Trading Timing', 'forum', 'When and how to trade during turns', 'https://example.com/rules_catan1', '2010-07-01', 5, 55, 5, 1),
(6, 'Session Report: Epic 5-Player Game', 'forum', 'Long and intense match with friends', 'https://example.com/session_catan1', '2011-10-15', 1, 80, 6, 1),
(6, 'Variant: No Robber Rule', 'forum', 'House rule that changes gameplay dynamic', 'https://example.com/variants_catan1', '2012-02-01', 9, 70, 4, 1),
(6, 'Strategy Discussion: Optimal Settlement Placement', 'forum', 'Best spots for expansion', 'https://example.com/strategy_catan1', '2013-03-10', 4, 90, 7, 1),
(7, 'Ticket to Ride Review: A Rail Adventure', 'forum', 'Why Ticket to Ride appeals to casual and serious gamers', 'https://example.com/review_ttr1', '2005-03-10', 4, 210, 22, 1),
(7, 'Ticket to Ride Strategy for Beginners', 'forum', 'How to start winning early', 'https://example.com/review_ttr2', '2006-04-20', 5, 190, 20, 1),
(7, 'Ticket to Ride Europe vs USA Review', 'forum', 'Differences and preferences', 'https://example.com/review_ttr3', '2007-06-25', 6, 180, 19, 1),
(7, 'Ticket to Ride Expansion Reviews', 'forum', 'Best maps to buy', 'https://example.com/review_ttr4', '2008-08-15', 6, 160, 15, 1),
(7, 'Family Fun: Ticket to Ride', 'forum', 'Why its great for all ages', 'https://example.com/review_ttr5', '2009-10-10', 8, 140, 13, 1),
(7, 'Ticket to Ride Competitive Play', 'forum', 'High-level tips and tricks', 'https://example.com/review_ttr6', '2010-12-01', 5, 230, 24, 1),
(7, 'Rules Questions: Destination Tickets', 'forum', 'Clarifying rules on route completion', 'https://example.com/rules_ttr1', '2005-04-01', 1, 50, 4, 1),
(7, 'Session Report: 5 Player Epic Game', 'forum', 'Longest game with friends', 'https://example.com/session_ttr1', '2006-06-10', 7, 75, 6, 1),
(7, 'Variant: Double Cards Draft', 'forum', 'Home variant to speed up turns', 'https://example.com/variants_ttr1', '2007-07-15', 9, 65, 3, 1),
(7, 'Strategy Discussion: Blocking Opponents', 'forum', 'How to use blocking effectively', 'https://example.com/strategy_ttr1', '2008-09-05', 4, 85, 7, 1),
(8, 'Splendor Review: Quick and Strategic', 'forum', 'Why Splendor is easy to learn but hard to master', 'https://example.com/review_splendor1', '2015-01-20', 8, 160, 15, 1),
(8, 'Splendor Solo Mode Review', 'forum', 'Playing alone tips and enjoyment', 'https://example.com/review_splendor2', '2015-03-10', 1, 150, 14, 1),
(8, 'Splendor Expansion: Cities Review', 'forum', 'How expansions change gameplay', 'https://example.com/review_splendor3', '2016-04-01', 6, 130, 12, 1),
(8, 'Family Fun with Splendor', 'forum', 'Why its great for casual groups', 'https://example.com/review_splendor4', '2015-05-15', 2, 140, 13, 1),
(8, 'Splendor Competitive Play Review', 'forum', 'Tips for winning in tournaments', 'https://example.com/review_splendor5', '2016-07-01', 2, 170, 18, 1),
(8, 'Splendor Strategy: Chip Management', 'forum', 'Optimizing gem acquisition', 'https://example.com/review_splendor6', '2016-08-10', 8, 180, 19, 1),
(8, 'Rules Question: Noble Tiles Timing', 'forum', 'Clarifying when nobles are scored', 'https://example.com/rules_splendor1', '2015-02-15', 9, 55, 3, 1),
(8, 'Session Report: 4 Player Game', 'forum', 'Fast-paced session with friends', 'https://example.com/session_splendor1', '2015-06-20', 5, 70, 5, 1),
(8, 'Variant: Random Noble Setup', 'forum', 'Adding variety to the game', 'https://example.com/variants_splendor1', '2015-07-10', 6, 65, 4, 1),
(8, 'Strategy Discussion: Timing Purchases', 'forum', 'When to buy cards for max effect', 'https://example.com/strategy_splendor1', '2015-08-01', 1, 90, 6, 1),
(9, '7 Wonders Review: Civilizations in Cards', 'forum', 'Overview of game flow and depth', 'https://example.com/review_7wonders1', '2011-01-10', 1, 200, 22, 1),
(9, '7 Wonders Duel vs Base Game Review', 'forum', 'Comparing the two versions', 'https://example.com/review_7wonders2', '2012-02-15', 1, 180, 19, 1),
(9, '7 Wonders Strategy: Military Focus', 'forum', 'Winning with a military build', 'https://example.com/review_7wonders3', '2013-03-20', 8, 170, 18, 1),
(9, '7 Wonders Expansions Review', 'forum', 'Leaders, Cities, and more', 'https://example.com/review_7wonders4', '2014-04-01', 2, 160, 15, 1),
(9, '7 Wonders Family Game Review', 'forum', 'Accessibility and fun for all ages', 'https://example.com/review_7wonders5', '2012-05-15', 2, 150, 14, 1),
(9, '7 Wonders Advanced Strategy Review', 'forum', 'Expert level play and tactics', 'https://example.com/review_7wonders6', '2015-06-01', 6, 210, 25, 1),
(9, 'Rules Question: Science Scoring', 'forum', 'Clarifying science card combos', 'https://example.com/rules_7wonders1', '2013-07-10', 2, 60, 5, 1),
(9, 'Session Report: 7 Player Chaos', 'forum', 'High player count dynamics', 'https://example.com/session_7wonders1', '2014-08-20', 7, 85, 7, 1),
(9, 'Variants: Quick Play Mode', 'forum', 'Faster game for short sessions', 'https://example.com/variants_7wonders1', '2015-09-15', 4, 70, 4, 1),
(9, 'Strategy Discussion: Card Drafting Patterns', 'forum', 'How to pick cards effectively', 'https://example.com/strategy_7wonders1', '2015-10-10', 5, 95, 8, 1),
(10, 'Codenames Review: Party Game Classic', 'forum', 'Why Codenames is great for groups', 'https://example.com/review_codenames1', '2016-01-05', 5, 230, 27, 1),
(10, 'Codenames: Best Word Strategies', 'forum', 'Winning tactics for spymasters', 'https://example.com/review_codenames2', '2017-02-10', 6, 210, 25, 1),
(10, 'Codenames Variants and House Rules', 'forum', 'Fun twists on the original game', 'https://example.com/review_codenames3', '2018-03-15', 8, 190, 20, 1),
(10, 'Codenames Review: Accessibility', 'forum', 'Easy to learn, hard to master', 'https://example.com/review_codenames4', '2017-04-20', 7, 180, 18, 1),
(10, 'Codenames Online Play Review', 'forum', 'Experience of playing digitally', 'https://example.com/review_codenames5', '2019-05-25', 7, 170, 17, 1),
(10, 'Codenames for Families Review', 'forum', 'Great game for kids and adults', 'https://example.com/review_codenames6', '2018-06-30', 2, 160, 15, 1),
(10, 'Rules Question: Assassin Word', 'forum', 'Clarifying game-ending conditions', 'https://example.com/rules_codenames1', '2017-07-15', 2, 55, 3, 1),
(10, 'Session Report: 8 Player Match', 'forum', 'Fun chaotic session', 'https://example.com/session_codenames1', '2018-08-10', 8, 80, 6, 1),
(10, 'Strategy Discussion: Clue Construction', 'forum', 'How to give effective clues', 'https://example.com/strategy_codenames1', '2019-09-05', 9, 85, 7, 1),
(10, 'Variants: Time Attack Mode', 'forum', 'Fast-paced variant', 'https://example.com/variants_codenames1', '2020-10-20', 1, 60, 4, 1),
(1, 'Sky Team Gameplay Overview', 'file', 'Overview of the basic rules and objectives.', '/media/skyteam/overview_en.pdf', '2024-06-01', 3, 25, 3, 1),
(1, 'Atterraggio a Tokyo', 'file', 'Simulazione dell atterraggio a Tokyo.', '/media/skyteam/landing_tokyo_it.pdf', '2024-06-02', 5, 10, 1, 5),
(1, 'Guide de jeu Sky Team', 'file', 'Guide vidéo du jeu en français.', '/media/skyteam/guide_fr.pdf', '2024-06-03', 2, 12, 2, 2),
(1, 'Sky Team Tips & Tricks', 'file', 'Advanced strategies to master the skies.', '/media/skyteam/tips_en.pdf', '2024-06-04', 8, 30, 4, 1),
(1, 'Gameplay cooperativo', 'file', 'Giocatori italiani spiegano le dinamiche cooperative.', '/media/skyteam/cooperative_it.pdf', '2024-06-04', 4, 6, 0, 5),
(1, 'Sky Team プレイ動画', 'file', '日本語でのゲームプレイ解説。', '/media/skyteam/japan_ja.pdf', '2024-06-05', 7, 8, 1, 8),
(1, 'Sky Team Impressions', 'file', 'First impressions by a new player.', '/media/skyteam/impressions_en.pdf', '2024-06-06', 1, 14, 0, 1),
(1, 'Control Tower Comms', 'file', 'Roleplay with audio simulation of control tower.', '/media/skyteam/comms_en.mp3', '2024-06-06', 10, 5, 0, 1),
(1, 'Sky Team Regeln erklärt', 'file', 'Kurze Einführung auf Deutsch.', '/media/skyteam/regeln_de.png', '2024-06-07', 9, 3, 1, 3),
(1, 'Turbulence Demo', 'file', 'Demonstration of turbulence mechanic.', '/media/skyteam/turbulence_en.pdf', '2024-06-07', 6, 18, 3, 1),
(2, 'Wingspan: How to Play', 'file', 'Comprehensive rule walkthrough.', '/media/wingspan/howtoplay_en.pdf', '2024-06-01', 1, 40, 5, 1),
(2, 'Estrategia en Wingspan', 'file', 'Consejos para mejorar en el juego.', '/media/wingspan/estrategia_es.pdf', '2024-06-02', 4, 15, 1, 4),
(2, 'Wingspan Bird Cards Explained', 'file', 'Deep dive into card combos.', '/media/wingspan/cards_en.pdf', '2024-06-02', 5, 22, 2, 1),
(2, 'Astuces pour Wingspan', 'file', 'Conseils avancés pour les joueurs expérimentés.', '/media/wingspan/astuces_fr.pdf', '2024-06-03', 6, 8, 0, 2),
(2, 'Wingspan プレイ動画', 'file', '日本語でプレイの様子。', '/media/wingspan/gameplay_ja.pdf', '2024-06-04', 3, 11, 1, 8),
(2, 'Wingspan Strategie', 'file', 'Strategische Überlegungen auf Deutsch.', '/media/wingspan/strategie_de.pdf', '2024-06-04', 8, 9, 2, 3),
(2, 'Top 10 Birds in Wingspan', 'file', 'Fan ranking of the most powerful birds.', '/media/wingspan/top10_en.pdf', '2024-06-05', 7, 30, 6, 1),
(2, 'Wingspan Solo Mode', 'file', 'Explanation and gameplay of solo version.', '/media/wingspan/solo_en.pdf', '2024-06-06', 2, 18, 2, 1),
(2, 'Regole Wingspan', 'file', 'Spiegazione in italiano delle regole.', '/media/wingspan/regole_it.png', '2024-06-06', 9, 7, 1, 5),
(2, 'Birdwatching Fun!', 'file', 'A fun thematic trailer.', '/media/wingspan/fun_en.pdf', '2024-06-07', 10, 13, 0, 1),
(3, 'Gloomhaven Intro & Setup', 'file', 'Setup walkthrough and game components.', '/media/gloomhaven/intro_en.pdf', '2024-06-01', 2, 35, 6, 1),
(3, 'Tactical Combat Tips', 'file', 'Strategie avanzate per il combattimento.', '/media/gloomhaven/combat_tips_it.pdf', '2024-06-02', 5, 18, 2, 5),
(3, 'Gloomhaven Regeln erklärt', 'file', 'Deutsche Regelerklärung.', '/media/gloomhaven/regeln_de.pdf', '2024-06-03', 9, 12, 1, 3),
(3, 'Advanced Character Builds', 'file', 'Combos e sinergie.', '/media/gloomhaven/adv_builds_en.pdf', '2024-06-04', 4, 22, 3, 1),
(3, 'Gloomhaven Explicación en Español', 'file', 'Explicación de las reglas.', '/media/gloomhaven/explicacion_es.pdf', '2024-06-04', 7, 14, 0, 4),
(3, 'Playing with Mods', 'file', 'Uso delle modifiche fan-made.', '/media/gloomhaven/mods_it.pdf', '2024-06-05', 1, 9, 0, 5),
(3, 'Gloomhaven プレイ解説', 'file', '日本語での解説動画。', '/media/gloomhaven/japan_ja.pdf', '2024-06-06', 6, 11, 2, 8),
(3, 'Campaign Highlights', 'file', 'Clips from a full campaign.', '/media/gloomhaven/campaign_en.pdf', '2024-06-06', 8, 27, 4, 1),
(3, 'Beginner Mistakes', 'file', 'Common errors to avoid.', '/media/gloomhaven/mistakes_en.pdf', '2024-06-07', 3, 16, 3, 1),
(3, 'Gloomhaven Strategie Avanzata', 'file', 'Strategie approfondite per giocatori esperti.', '/media/gloomhaven/strategy_adv_it.pdf', '2024-06-07', 10, 8, 1, 5),
(4, 'Azul Tutorial', 'file', 'How to play Azul step by step.', '/media/azul/tutorial_en.pdf', '2024-06-01', 1, 30, 4, 1),
(4, 'Conceptos básicos de Azul', 'file', 'Reglas básicas en español.', '/media/azul/basicos_es.png', '2024-06-02', 3, 12, 1, 4),
(4, 'Azul : stratégie avancée', 'file', 'Conseils pour bien scorer.', '/media/azul/strategie_fr.pdf', '2024-06-02', 6, 9, 2, 2),
(4, 'Azul Setup Übersicht', 'file', 'Übersicht Aufbau und Material.', '/media/azul/setup_de.pdf', '2024-06-03', 9, 7, 1, 3),
(4, 'Azul Playthrough', 'file', 'Full game playthrough.', '/media/azul/playthrough_en.pdf', '2024-06-04', 8, 20, 5, 1),
(4, 'Scoring Strategies', 'file', 'Tipps für hohe Punkte.', '/media/azul/scoring_en.pdf', '2024-06-04', 5, 15, 2, 1),
(4, 'Azul vari anti-falso', 'file', 'Strategie avanzate.', '/media/azul/varie_it.pdf', '2024-06-05', 4, 10, 1, 5),
(4, 'Azul プレイ映像', 'file', '日本語による実演。', '/media/azul/japan_ja.pdf', '2024-06-06', 7, 13, 0, 8),
(4, 'Azulejos y Origenes', 'file', 'Breve historia dei piastrelle', '/media/azul/history_en.png', '2024-06-06', 2, 8, 3, 1),
(4, 'Azul Commentary', 'file', 'Commentary durante il gioco avanzato.', '/media/azul/commentary_it.pdf', '2024-06-07', 10, 6, 1, 5),
(5, 'Pandemic Introduction', 'file', 'Overview and setup.', '/media/pandemic/intro_en.png', '2024-06-01', 2, 45, 7, 1),
(5, 'Pandemic Regeln auf Deutsch', 'file', 'Regelerklärung auf Deutsch.', '/media/pandemic/regeln_de.pdf', '2024-06-02', 9, 13, 1, 3),
(5, 'Pandemic Strategie avanzada', 'file', 'Consejos avanzados en español.', '/media/pandemic/estrategia_es.pdf', '2024-06-02', 4, 17, 2, 4),
(5, 'How to win Pandemic', 'file', 'Strategie di squadra.', '/media/pandemic/win_en.png', '2024-06-03', 5, 20, 4, 1),
(5, 'Pandemic プレイ解説', 'file', '日本語で解説付き。', '/media/pandemic/japan_ja.pdf', '2024-06-04', 6, 12, 0, 8),
(5, 'Pandemic: Idee cooperative', 'file', 'Suggerimenti cooperativi in italiano.', '/media/pandemic/idee_it.pdf', '2024-06-04', 1, 9, 2, 5),
(5, 'Pandemic Variation Modes', 'file', 'Explicação das variantes em português.', '/media/pandemic/variantes_pt.pdf', '2024-06-05', 8, 8, 0, 1),
(5, 'Cure Focus Strategy', 'file', 'Optimal order of cures.', '/media/pandemic/cure_focus_en.png', '2024-06-06', 7, 18, 3, 1),
(5, 'Pandemic Regole base', 'file', 'Spiegazione base delle regole.', '/media/pandemic/base_it.pdf', '2024-06-06', 3, 11, 0, 5),
(5, 'Pandemic Gameplay Full', 'file', 'Intera sessione di gioco.', '/media/pandemic/fullgame_en.pdf', '2024-06-07', 10, 22, 5, 1),
(6, 'Settlers of Catan Intro', 'file', 'Basic setup and objectives.', '/media/catan/intro_en.pdf', '2024-06-01', 1, 50, 8, 1),
(6, 'Catan Strategie avanzada', 'file', 'Consigli avanzati in italiano.', '/media/catan/strategia_it.pdf', '2024-06-02', 4, 18, 2, 5),
(6, 'Catan Regles Françaises', 'file', 'Règles expliquées en français.', '/media/catan/regles_fr.pdf', '2024-06-02', 6, 10, 0, 2),
(6, 'German Catan Walkthrough', 'file', 'Deutsche Anleitung komplett.', '/media/catan/walkthrough_de.png', '2024-06-03', 9, 12, 2, 3),
(6, 'Catan Long Game Tips', 'file', 'Tips for longer sessions.', '/media/catan/longgame_en.pdf', '2024-06-04', 8, 24, 5, 1),
(6, 'Tipi di strategia', 'file', 'Discussione sulle strategie.', '/media/catan/strat_discussion_it.pdf', '2024-06-05', 5, 15, 3, 5),
(6, 'Catan プレイ映像', 'file', '日本語でのプレイ解説。', '/media/catan/japan_ja.pdf', '2024-06-06', 7, 14, 0, 8),
(6, 'Catan Expansion Overview', 'file', 'Espansioni spiegate.', '/media/catan/expansions_en.pdf', '2024-06-06', 3, 17, 4, 1),
(6, 'Catan Beginner Mistakes', 'file', 'Errori frequenti dei principianti.', '/media/catan/mistakes_it.pdf', '2024-06-07', 10, 9, 1, 5),
(6, 'Catan Commentary', 'file', 'Commento su una partita avanzata.', '/media/catan/commentary_en.pdf', '2024-06-07', 2, 13, 2, 1),
(7, 'Ticket to Ride Basics', 'file', 'Setup and basic play.', '/media/ttr/basics_en.pdf', '2024-06-01', 2, 45, 6, 1),
(7, 'TTR Estrategia en Español', 'file', 'Consejos de estrategia.', '/media/ttr/estrategia_es.pdf', '2024-06-02', 4, 14, 1, 4),
(7, 'Ticket to Ride Règles FR', 'file', 'Explication jeu en français.', '/media/ttr/regles_fr.pdf', '2024-06-02', 6, 11, 0, 2),
(7, 'TTR Regelerklärung', 'file', 'Anleitung auf Deutsch.', '/media/ttr/regeln_de.pdf', '2024-06-03', 9, 9, 2, 3),
(7, 'TTR Map Analysis', 'file', 'Analysis of best map strategies.', '/media/ttr/map_analysis_en.pdf', '2024-06-04', 8, 20, 5, 1),
(7, 'Ticket to Ride Italia', 'file', 'Presentazione in italiano.', '/media/ttr/italia_it.pdf', '2024-06-05', 1, 12, 1, 5),
(7, 'TTR Multiplayer Tips', 'file', 'Managing 5-player chaos.', '/media/ttr/multiplayer_en.pdf', '2024-06-06', 5, 19, 3, 1),
(7, 'Ticket to Ride プレイ動画', 'file', '日本語プレイ。', '/media/ttr/japan_ja.pdf', '2024-06-06', 7, 10, 0, 8),
(7, 'Route Choices', 'file', 'Best route selection.', '/media/ttr/routes_en.pdf', '2024-06-07', 10, 13, 2, 1),
(7, 'Ticket to Ride Italiano', 'file', 'Recensione in italiano.', '/media/ttr/review_it.pdf', '2024-06-07', 3, 8, 1, 5),
(8, 'Splendor How to Play', 'file', 'Tutorial completo.', '/media/splendor/howto_en.pdf', '2024-06-01', 1, 38, 5, 1),
(8, 'Splendor Estrategia española', 'file', 'Consejos estratégicos.', '/media/splendor/estrategia_es.pdf', '2024-06-02', 4, 16, 1, 4),
(8, 'Splendor Tactiques FR', 'file', 'Stratégies avancées.', '/media/splendor/tactiques_fr.pdf', '2024-06-02', 6, 9, 0, 2),
(8, 'Splendor Regeln DE', 'file', 'Erklärung auf Deutsch.', '/media/splendor/regeln_de.pdf', '2024-06-03', 9, 8, 2, 3),
(8, 'Splendor Engine Building', 'file', 'Card engine tips.', '/media/splendor/engine_en.pdf', '2024-06-04', 8, 22, 4, 1),
(8, 'Costruire l equipaggio', 'file', 'Guida italiana strategie.', '/media/splendor/crew_it.pdf', '2024-06-05', 5, 14, 1, 5),
(8, 'Splendor プレイ解説', 'file', '日本語版。', '/media/splendor/japan_ja.pdf', '2024-06-06', 7, 11, 0, 8),
(8, 'Buying Gems Efficiently', 'file', 'Efficient gem acquisition.', '/media/splendor/gems_en.pdf', '2024-06-06', 2, 17, 3, 1),
(8, 'Splendor Commentary', 'file', 'Commentary su una partita.', '/media/splendor/commentary_it.pdf', '2024-06-07', 10, 7, 1, 5),
(8, 'Card Combos', 'file', 'Lovely card combo examples.', '/media/splendor/combos_en.pdf', '2024-06-07', 3, 15, 2, 1),
(9, '7 Wonders Tutorial', 'file', 'Walkthrough delle basi.', '/media/7wonders/tutorial_en.pdf', '2024-06-01', 1, 48, 6, 1),
(9, '7W Estrategia en Español', 'file', 'Consejos estratégicos.', '/media/7wonders/estrategia_es.pdf', '2024-06-02', 4, 15, 1, 4),
(9, '7 Wonders Regeln DE', 'file', 'Regelerklärung auf Deutsch.', '/media/7wonders/regeln_de.png', '2024-06-02', 9, 11, 2, 3),
(9, '7 Wonders Guide FR', 'file', 'Guide en français.', '/media/7wonders/guide_fr.pdf', '2024-06-03', 6, 10, 0, 2),
(9, 'Advanced Drafting Tips', 'file', 'Higher-level drafting strategy.', '/media/7wonders/drafting_en.pdf', '2024-06-04', 8, 23, 4, 1),
(9, 'Settling Civilizações', 'file', 'Strategie in italiano.', '/media/7wonders/strategia_it.pdf', '2024-06-05', 5, 14, 1, 5),
(9, '7 Wonders プレイ講座', 'file', '日本語解説付き。', '/media/7wonders/japan_ja.pdf', '2024-06-06', 7, 12, 0, 8),
(9, 'Wonder Power Rankings', 'file', 'Ranking delle meraviglie.', '/media/7wonders/power_rank_en.pdf', '2024-06-06', 2, 18, 3, 1),
(9, 'Commentary Full Game', 'file', 'Partita completa con commenti.', '/media/7wonders/commentary_it.pdf', '2024-06-07', 10, 9, 1, 5),
(9, '7 Wonders Explained', 'file', 'Full review and explain.', '/media/7wonders/explained_en.pdf', '2024-06-07', 3, 16, 2, 1),
(10, 'Codenames How to Play', 'file', 'Fundamentals e setup.', '/media/codenames/howto_en.pdf', '2024-06-01', 2, 42, 5, 1),
(10, 'Codenames Regeln DE', 'file', 'Anleitung auf Deutsch.', '/media/codenames/regeln_de.pdf', '2024-06-02', 9, 12, 2, 3),
(10, 'Estrategia de pistas', 'file', 'Estrategias para spymaster.', '/media/codenames/estrategia_es.pdf', '2024-06-02', 4, 11, 1, 4),
(10, 'Codenames Présentation FR', 'file', 'Présentation en français.', '/media/codenames/presentation_fr.pdf', '2024-06-03', 6, 9, 0, 2),
(10, 'Advanced Clue Techniques', 'file', 'Clue efficiency tips.', '/media/codenames/clues_en.png', '2024-06-04', 8, 20, 4, 1),
(10, 'Codenames Italiano', 'file', 'Introduzione in italiano.', '/media/codenames/intro_it.pdf', '2024-06-05', 5, 13, 1, 5),
(10, 'Codenames プレイレビュー', 'file', '日本語でのレビュー。', '/media/codenames/japan_ja.pdf', '2024-06-06', 7, 10, 0, 8),
(10, 'Team Communication Tips', 'file', 'Migliorare la comunicazione a squadre.', '/media/codenames/communication_en.pdf', '2024-06-06', 3, 17, 3, 1),
(10, 'Codenames Commentary', 'file', 'Commento di una partita.', '/media/codenames/commentary_it.pdf', '2024-06-07', 10, 8, 1, 5),
(10, 'Clue Combos', 'file', 'Esempi di combinazioni efficaci.', '/media/codenames/combos_en.pdf', '2024-06-07', 1, 15, 2, 1);

INSERT INTO Boardgame_Media (boardgame_id, title, media_type, description, uri, upload_date, uploader_user_id, n_likes, n_comments, language_id) VALUES
(1, 'Sky Team Introduces Solo Mode', 'news', 'A new solo gameplay mode is now available for Sky Team.', 'https://boardgamegeek.com/article/sky-team-solo-mode', '2025-06-20', 3, 28, 14, 1),
(1, 'Sky Team expands to digital platform', 'news', 'Fans can now play Sky Team online with an official app.', 'https://boardgamegeek.com/article/sky-team-digital', '2025-06-18', 7, 33, 15, 1),
(2, 'Wingspan: Limited Edition European Set', 'news', 'A collector s set featuring birds from across Europe.', 'https://boardgamegeek.com/article/wingspan-europe-set', '2025-06-17', 2, 45, 12, 1),
(2, 'Nouveaux tournois pour Wingspan', 'news', 'Des compétitions mondiales ont été annoncées.', 'https://boardgamegeek.com/article/wingspan-tournaments', '2025-06-16', 6, 40, 18, 2),
(3, 'Gloomhaven: Special Collector s Edition', 'news', 'A deluxe version with improved components and miniatures.', 'https://boardgamegeek.com/article/gloomhaven-collectors', '2025-06-15', 1, 50, 21, 1),
(3, 'Gloomhaven Estratégias Avançadas', 'news', 'Análise de novas estratégias e jogabilidade.', 'https://boardgamegeek.com/article/gloomhaven-strategies', '2025-06-14', 8, 39, 17, 4),
(4, 'Azul: New Color Variant Announced', 'news', 'A special version with additional tile designs and colors.', 'https://boardgamegeek.com/article/azul-new-color', '2025-06-13', 5, 30, 13, 1),
(4, 'Azul wird zum offiziellen Turnierspiel', 'news', 'Die International Boardgame Federation nimmt Azul in ihr Programm auf.', 'https://boardgamegeek.com/article/azul-tournament', '2025-06-12', 9, 35, 16, 3),
(5, 'Pandemic Online Tournament Set for July', 'news', 'The largest online cooperative tournament is coming soon.', 'https://boardgamegeek.com/article/pandemic-tournament', '2025-06-11', 4, 41, 19, 1),
(5, 'Pandemic strategy guide released', 'news', 'Experts share winning tips for all difficulty levels.', 'https://boardgamegeek.com/article/pandemic-strategy', '2025-06-10', 10, 47, 22, 1),
(6, 'Catan introduces new trading mechanics', 'news', 'Players will experience dynamic market conditions.', 'https://boardgamegeek.com/article/catan-trading', '2025-06-09', 1, 38, 23, 1),
(6, 'カタンの新しい拡張が発表されました', 'news', '新しいリソースと交渉の可能性を追加。', 'https://boardgamegeek.com/article/catan-expansion', '2025-06-08', 5, 42, 25, 8),
(7, 'Ticket to Ride World Tour Announced', 'news', 'A global championship event across multiple continents.', 'https://boardgamegeek.com/article/ticket-to-ride-tour', '2025-06-07', 8, 50, 29, 1),
(7, 'Ticket to Ride Europa krijgt nieuwe uitbreidingen', 'news', 'Nieuwe bestemmingen en strategische kaarten.', 'https://boardgamegeek.com/article/ticket-to-ride-expansion', '2025-06-06', 2, 37, 27, 3),
(8, 'Splendor turns 10: Anniversary Set Released', 'news', 'A special edition commemorating a decade of Splendor.', 'https://boardgamegeek.com/article/splendor-anniversary', '2025-06-05', 3, 46, 20, 1),
(8, 'Splendor tournament announces cash prize', 'news', 'The world championship will award a significant cash prize.', 'https://boardgamegeek.com/article/splendor-prize', '2025-06-04', 7, 45, 26, 1),
(9, '7 Wonders Digital Edition Launching Soon', 'news', 'The beloved card drafting game is coming to mobile platforms.', 'https://boardgamegeek.com/article/7wonders-digital', '2025-06-03', 4, 50, 30, 1),
(9, '7 Wonders lève le voile sur un nouveau mode de jeu', 'news', 'Un mode rapide avec moins de cartes a été annoncé.', 'https://boardgamegeek.com/article/7wonders-new-mode', '2025-06-02', 9, 36, 28, 2),
(10, 'Codenames Expands with Popular Culture Edition', 'news', 'New words themed around pop culture icons.', 'https://boardgamegeek.com/article/codenames-pop-culture', '2025-06-01', 6, 48, 31, 1),
(10, 'Codenames bekommt eine neue Strategievariante', 'news', 'Experten diskutieren innovative Spielweisen.', 'https://boardgamegeek.com/article/codenames-strategy', '2025-05-31', 10, 43, 32, 3),
(1, 'Sky Team Announces New Missions', 'news', 'New mission packs introduce advanced flight challenges.', 'https://boardgamegeek.com/article/sky-team-missions', '2025-06-25', 6, 28, 14, 1),
(1, 'Sky Teamが新しい協力プレイモードを追加', 'news', 'さらに戦略的なゲームプレイが可能に。', 'https://boardgamegeek.com/article/sky-team-coop-mode', '2025-06-24', 9, 33, 15, 8),
(2, 'Wingspan Gets an Arctic Expansion', 'news', 'A new expansion adds birds from icy regions.', 'https://boardgamegeek.com/article/wingspan-arctic-expansion', '2025-06-23', 5, 40, 12, 1),
(2, 'Nueva edición de Wingspan para América Latina', 'news', 'Incluye aves de la región y nuevas mecánicas de juego.', 'https://boardgamegeek.com/article/wingspan-latin-america', '2025-06-22', 7, 35, 18, 4),
(3, 'Gloomhaven Introduces Modular Dungeons', 'news', 'Players can create and customize their own dungeon layouts.', 'https://boardgamegeek.com/article/gloomhaven-modular', '2025-06-21', 3, 50, 20, 1),
(3, 'Gloomhaven strategische Varianten', 'news', 'Erweiterte Spielmechaniken bringen neue Herausforderungen.', 'https://boardgamegeek.com/article/gloomhaven-strategy', '2025-06-20', 8, 45, 22, 3),
(4, 'Azul Gets a Special Holiday Edition', 'news', 'A festive version with unique seasonal patterns.', 'https://boardgamegeek.com/article/azul-holiday-edition', '2025-06-19', 2, 28, 9, 1),
(4, 'Azul reçoit une édition spéciale', 'news', 'Nouvelles tuiles inspirées des motifs traditionnels.', 'https://boardgamegeek.com/article/azul-special-edition', '2025-06-18', 10, 37, 14, 2),
(5, 'Pandemic Adds Real-Life Outbreak Scenarios', 'news', 'Inspired by real-world diseases, new challenges await.', 'https://boardgamegeek.com/article/pandemic-real-outbreaks', '2025-06-17', 4, 41, 11, 1),
(5, 'Pandemic Legacy será adaptado a serie', 'news', 'Un estudio ha comprado los derechos para una serie de televisión.', 'https://boardgamegeek.com/article/pandemic-series', '2025-06-16', 6, 49, 19, 4),
(6, 'Catan Launches an AI Opponent Mode', 'news', 'A single-player mode using advanced AI strategies.', 'https://boardgamegeek.com/article/catan-ai-mode', '2025-06-15', 1, 33, 16, 1),
(6, 'Catan wird zum E-Sport', 'news', 'Turniere mit Preisgeldern und professionellen Spielern.', 'https://boardgamegeek.com/article/catan-esports', '2025-06-14', 9, 44, 17, 3),
(7, 'Ticket to Ride Announces Space Edition', 'news', 'A futuristic version set in the galaxy.', 'https://boardgamegeek.com/article/ticket-to-ride-space', '2025-06-13', 8, 48, 21, 1),
(7, 'Ticket to Rideは新しい鉄道ルートを追加します', 'news', '歴史的な鉄道網がゲームに登場。', 'https://boardgamegeek.com/article/ticket-to-ride-historic', '2025-06-12', 5, 46, 23, 8),
(8, 'Splendor Gains a Historical Theme Expansion', 'news', 'New cards reflect famous trade routes from history.', 'https://boardgamegeek.com/article/splendor-history', '2025-06-11', 2, 39, 13, 1),
(8, 'Splendor reçoit un mode solo', 'news', 'Nouvelle mécanique permettant de jouer seul.', 'https://boardgamegeek.com/article/splendor-solo', '2025-06-10', 7, 42, 24, 2),
(9, '7 Wonders Introduces Mythology-Based Expansion', 'news', 'Gods and legends will influence city-building.', 'https://boardgamegeek.com/article/7wonders-mythology', '2025-06-09', 3, 38, 25, 1),
(9, 'Nueva edición rápida de 7 Wonders', 'news', 'Una variante con menos rondas para partidas rápidas.', 'https://boardgamegeek.com/article/7wonders-speed-edition', '2025-06-08', 10, 51, 26, 4),
(10, 'Codenames Adds a Movie Edition', 'news', 'Featuring famous movie quotes and characters.', 'https://boardgamegeek.com/article/codenames-movie', '2025-06-07', 4, 47, 27, 1),
(10, 'Codenames bekommt ein Musik-Edition', 'news', 'Karten mit berühmten Liedtexten und Künstlernamen.', 'https://boardgamegeek.com/article/codenames-music', '2025-06-06', 9, 52, 28, 3),
(1, 'Sky Team Unveils New Advanced Pilot Challenges', 'news', 'New scenarios will push players to the limit with expert-level flights.', 'https://boardgamegeek.com/article/sky-team-advanced', '2025-07-01', 3, 29, 15, 1),
(1, 'Sky Team新しいチームイベントを発表', 'news', '協力プレイを強化する特別イベントが登場。', 'https://boardgamegeek.com/article/sky-team-event', '2025-06-30', 6, 33, 18, 8),
(2, 'Wingspan Adds a Desert Habitat Expansion', 'news', 'Introducing birds from arid regions with unique survival abilities.', 'https://boardgamegeek.com/article/wingspan-desert-expansion', '2025-06-29', 9, 42, 14, 1),
(2, 'Nouvelle extension Wingspan: Oiseaux rares', 'news', 'Une mise à jour avec des espèces difficiles à observer.', 'https://boardgamegeek.com/article/wingspan-rare-birds', '2025-06-28', 2, 35, 19, 2),
(3, 'Gloomhaven: Mastery Mode Released', 'news', 'A challenging variant for experienced dungeon crawlers.', 'https://boardgamegeek.com/article/gloomhaven-mastery', '2025-06-27', 7, 50, 22, 1),
(3, 'Gloomhaven erhält neues Story-Kapitel', 'news', 'Ein erweitertes Abenteuer mit neuen Charakteren und Quests.', 'https://boardgamegeek.com/article/gloomhaven-new-story', '2025-06-26', 1, 39, 23, 3),
(4, 'Azul Launches Underwater-Themed Set', 'news', 'New tiles inspired by oceanic designs.', 'https://boardgamegeek.com/article/azul-ocean', '2025-06-25', 4, 37, 11, 1),
(4, 'Azul: Nueva edición inspirada en el arte latino', 'news', 'Diseños únicos con influencias culturales.', 'https://boardgamegeek.com/article/azul-latin', '2025-06-24', 5, 31, 17, 4),
(5, 'Pandemic Adds Historical Scenarios', 'news', 'Play through legendary disease outbreaks from history.', 'https://boardgamegeek.com/article/pandemic-historical', '2025-06-23', 8, 41, 20, 1),
(5, 'Pandemic wird zur Wissenschaftsplattform', 'news', 'Forscher nutzen das Spiel für epidemiologische Simulationen.', 'https://boardgamegeek.com/article/pandemic-science', '2025-06-22', 10, 44, 21, 3),
(6, 'Catan Adds Dynamic Weather Mechanics', 'news', 'Unpredictable conditions change trade and travel strategies.', 'https://boardgamegeek.com/article/catan-weather', '2025-06-21', 2, 38, 16, 1),
(6, 'Catan: Nuova modalità con mercanti personalizzati', 'news', 'I giocatori possono ora gestire i propri commercianti.', 'https://boardgamegeek.com/article/catan-traders', '2025-06-20', 9, 46, 19, 5),
(7, 'Ticket to Ride Expands with Global Connections', 'news', 'A new edition features worldwide railway links.', 'https://boardgamegeek.com/article/ticket-to-ride-global', '2025-06-19', 6, 48, 24, 1),
(7, '新しいTicket to Rideアップデートが発表されました', 'news', 'ゲームの戦略的要素が拡張されます。', 'https://boardgamegeek.com/article/ticket-to-ride-update', '2025-06-18', 3, 47, 26, 8),
(8, 'Splendor: Gem Market Expansion Announced', 'news', 'New mechanics for evolving gem trading.', 'https://boardgamegeek.com/article/splendor-gem-market', '2025-06-17', 7, 36, 12, 1),
(8, 'Splendor recibe un modo de juego rápido', 'news', 'Una versión acelerada para partidas exprés.', 'https://boardgamegeek.com/article/splendor-fast-mode', '2025-06-16', 1, 49, 15, 4),
(9, '7 Wonders Adds Modern Technology Expansion', 'news', 'Players now build wonders incorporating futuristic advancements.', 'https://boardgamegeek.com/article/7wonders-tech', '2025-06-15', 10, 50, 27, 1),
(9, '7 Wonders bekommt eine architektonische Edition', 'news', 'Neue Karten basieren auf weltberühmten Bauwerken.', 'https://boardgamegeek.com/article/7wonders-architecture', '2025-06-14', 5, 52, 28, 3),
(10, 'Codenames Brings a Sci-Fi Edition', 'news', 'Includes words and themes from famous science fiction stories.', 'https://boardgamegeek.com/article/codenames-scifi', '2025-06-13', 9, 45, 29, 1),
(10, 'Codenamesの新しいカスタムパックが登場', 'news', 'プレイヤーは自分のカードセットを作成できます。', 'https://boardgamegeek.com/article/codenames-custom', '2025-06-12', 6, 43, 30, 8),
(1, 'Sky Team Wins Game of the Year Award', 'news', 'Sky Team is recognized as the best cooperative game of the year.', 'https://boardgamegeek.com/article/sky-team-award', '2025-06-10', 5, 30, 15, 1),
(1, 'Nouvelle extension pour Sky Team', 'news', 'Une extension avec de nouveaux défis et scénarios.', 'https://boardgamegeek.com/article/sky-team-expansion', '2025-06-05', 8, 25, 10, 2),
(2, 'Wingspan Celebrates Fifth Anniversary', 'news', 'Special events and a deluxe edition mark the milestone.', 'https://boardgamegeek.com/article/wingspan-anniversary', '2025-06-08', 2, 40, 12, 1),
(2, 'Neue Vögel für Wingspan', 'news', 'Eine neue Erweiterung bringt exotische Vogelarten.', 'https://boardgamegeek.com/article/wingspan-new-birds', '2025-06-07', 7, 35, 18, 3),
(3, 'Gloomhaven Gets a Video Game Adaptation', 'news', 'The popular dungeon crawler makes its way to PC and consoles.', 'https://boardgamegeek.com/article/gloomhaven-game', '2025-06-09', 3, 50, 20, 1),
(3, 'Frosthaven Expansion Release Date Announced', 'news', 'Fans of Gloomhaven can explore new adventures in Frosthaven.', 'https://boardgamegeek.com/article/gloomhaven-frosthaven', '2025-06-06', 6, 45, 22, 1),
(4, 'Azul Gets a New Deluxe Edition', 'news', 'Premium tiles and new gameplay variations enhance the experience.', 'https://boardgamegeek.com/article/azul-new-edition', '2025-06-04', 1, 28, 9, 1),
(4, 'Azul Campeonato Mundial', 'news', 'Los mejores jugadores del mundo compiten por el título.', 'https://boardgamegeek.com/article/azul-championship', '2025-06-03', 9, 37, 14, 4),
(5, 'Pandemic Introduces Campaign Mode', 'news', 'A new story-driven mode adds depth to the classic cooperative game.', 'https://boardgamegeek.com/article/pandemic-campaign', '2025-06-02', 4, 41, 11, 1),
(5, 'Pandemic Legacy Sequel Confirmed', 'news', 'The narrative-driven Pandemic series continues with a new installment.', 'https://boardgamegeek.com/article/pandemic-legacy', '2025-06-01', 10, 49, 19, 1),
(6, 'Catan Expansion Brings New Resources', 'news', 'Players will experience fresh trading dynamics with new materials.', 'https://boardgamegeek.com/article/catan-new-resources', '2025-05-31', 2, 33, 16, 1),
(6, 'Campionato europeo di Catan', 'news', 'Le migliori strategie si affrontano nella competizione continentale.', 'https://boardgamegeek.com/article/catan-euro-championship', '2025-05-30', 3, 44, 17, 5),
(7, 'Ticket to Ride Celebrates 20 Years', 'news', 'A special anniversary event honors the iconic board game.', 'https://boardgamegeek.com/article/ticket-to-ride-20years', '2025-05-29', 5, 48, 21, 1),
(7, '新しい Ticket to Ride マップが公開されました', 'news', '新しい目的地と戦略が追加されました。', 'https://boardgamegeek.com/article/ticket-to-ride-map', '2025-05-28', 7, 46, 23, 8),
(8, 'Splendor Adds Cooperative Mode', 'news', 'For the first time, players can team up rather than compete.', 'https://boardgamegeek.com/article/splendor-coop', '2025-05-27', 1, 39, 13, 1),
(8, 'Nouvelle stratégie émergente dans Splendor', 'news', 'Les experts analysent une nouvelle tactique de jeu.', 'https://boardgamegeek.com/article/splendor-strategy', '2025-05-26', 9, 42, 24, 2),
(9, '7 Wonders Launches Family Edition', 'news', 'A simplified version makes the classic game accessible to younger players.', 'https://boardgamegeek.com/article/7wonders-family', '2025-05-25', 6, 38, 25, 1),
(9, 'Strategien für den Sieg in 7 Wonders', 'news', 'Analyse der besten Spielzüge in Turnieren.', 'https://boardgamegeek.com/article/7wonders-strategy', '2025-05-24', 2, 51, 26, 3),
(10, 'Codenames Expands With New Words', 'news', 'A fresh card set adds more complex word choices.', 'https://boardgamegeek.com/article/codenames-new-words', '2025-05-23', 4, 47, 27, 1),
(10, 'Variantes divertidas para Codenames', 'news', 'Descubre formas alternativas de jugar al clásico juego de palabras.', 'https://boardgamegeek.com/article/codenames-variants', '2025-05-22', 8, 52, 28, 4);


INSERT INTO Forum (media_id, forum_category_id) VALUES 
(51, 2),
(52, 2),
(53, 2),
(54, 2),
(55, 2),
(56, 9),
(57, 8),
(58, 10),
(59, 11),
(60, 9),
(61, 2),
(62, 5),
(63, 2),
(64, 2),
(65, 2),
(66, 9),
(67, 8),
(68, 10),
(69, 11),
(70, 9),
(71, 2),
(72, 5),
(73, 2),
(74, 2),
(75, 2),
(76, 9),
(77, 8),
(78, 10),
(79, 11),
(80, 9),
(81, 2),
(82, 2),
(83, 2),
(84, 2),
(85, 2),
(86, 9),
(87, 8),
(88, 10),
(89, 11),
(90, 9),
(91, 2),
(92, 2),
(93, 9),
(94, 2),
(95, 2),
(96, 2),
(97, 8),
(98, 10),
(99, 11),
(100, 9),
(101, 2),
(102, 9),
(103, 11),
(104, 2),
(105, 2),
(106, 2),
(107, 8),
(108, 10),
(109, 9),
(110, 11);


INSERT INTO Video (media_id, video_category_id,thumbnail_url) VALUES 
(11, 1, "https://i.ytimg.com/vi/akX8WfuqUXo/hqdefault.jpg"),
(12, 2, "https://i.ytimg.com/vi/p_BdLWh55-I/hqdefault.jpg"),
(13, 3, "https://i.ytimg.com/vi/foBTbYp6rL0/hqdefault.jpg"),
(14, 2, NULL),
(15, 1, NULL),
(16, 2, NULL),
(17, 5, NULL),
(18, 4, NULL),
(19, 1, NULL),
(20, 2, NULL),
(21, 3, NULL),
(22, 4, NULL),
(23, 1, NULL),
(24, 2, NULL),
(25, 5, NULL),
(26, 2, NULL),
(27, 1, NULL),
(28, 2, NULL),
(29, 3, NULL),
(30, 2, NULL),
(31, 1, NULL),
(32, 2, NULL),
(33, 5, NULL),
(34, 5, NULL),
(35, 1, NULL),
(36, 2, NULL),
(37, 3, NULL),
(38, 2, NULL),
(39, 1, NULL),
(40, 2, NULL),
(41, 5, NULL),
(42, 2, NULL),
(43, 1, NULL),
(44, 2, NULL),
(45, 5, NULL),
(46, 2, NULL),
(47, 1, NULL),
(48, 2, NULL),
(49, 3, NULL),
(50, 2, NULL);

INSERT INTO File (media_id, file_size, extension) VALUES 
(151, 4321, 'pdf'),
(152, 3765, 'pdf'),
(153, 4893, 'pdf'),
(154, 5029, 'pdf'),
(155, 4132, 'pdf'),
(156, 4287, 'pdf'),
(157, 3184, 'pdf'),
(158, 7721, 'mp3'),
(159, 2300, 'png'),
(160, 3580, 'pdf'),
(161, 4912, 'pdf'),
(162, 3021, 'pdf'),
(163, 3299, 'pdf'),
(164, 4410, 'pdf'),
(165, 3789, 'pdf'),
(166, 4562, 'pdf'),
(167, 5050, 'pdf'),
(168, 2874, 'pdf'),
(169, 2677, 'png'),
(170, 4923, 'pdf'),
(171, 4680, 'pdf'),
(172, 4103, 'pdf'),
(173, 2956, 'pdf'),
(174, 5010, 'pdf'),
(175, 3899, 'pdf'),
(176, 3762, 'pdf'),
(177, 4970, 'pdf'),
(178, 3240, 'pdf'),
(179, 3980, 'pdf'),
(180, 4456, 'pdf'),
(181, 3620, 'pdf'),
(182, 2715, 'png'),
(183, 3159, 'pdf'),
(184, 4578, 'png'),
(185, 4902, 'pdf'),
(186, 3123, 'pdf'),
(187, 4219, 'pdf'),
(188, 2488, 'pdf'),
(189, 4650, 'pdf'),
(190, 3312, 'pdf'),
(191, 3567, 'pdf'),
(192, 3804, 'png'),
(193, 4055, 'pdf'),
(194, 3156, 'pdf'),
(195, 3999, 'pdf'),
(196, 2840, 'pdf'),
(197, 4230, 'pdf'),
(198, 2910, 'pdf'),
(199, 3275, 'pdf'),
(200, 4480, 'pdf'),
(201, 3864, 'pdf'),
(202, 4720, 'pdf'),
(203, 3587, 'pdf'),
(204, 3790, 'pdf'),
(205, 3150, 'pdf'),
(206, 4700, 'pdf'),
(207, 3050, 'pdf'),
(208, 2930, 'pdf'),
(209, 4100, 'pdf'),
(210, 4666, 'pdf'),
(211, 3741, 'pdf'),
(212, 4572, 'pdf'),
(213, 4390, 'pdf'),
(214, 2842, 'pdf'),
(215, 3981, 'pdf'),
(216, 4655, 'pdf'),
(217, 4020, 'pdf'),
(218, 3185, 'pdf'),
(219, 4520, 'pdf'),
(220, 4745, 'pdf'),
(221, 3110, 'pdf'),
(222, 2599, 'pdf'),
(223, 4875, 'pdf'),
(224, 3129, 'pdf'),
(225, 4988, 'pdf'),
(226, 3421, 'pdf'),
(227, 4053, 'pdf'),
(228, 3198, 'pdf'),
(229, 4501, 'pdf'),
(230, 2977, 'pdf'),
(231, 3654, 'pdf'),
(232, 4150, 'pdf'),
(233, 3048, 'pdf'),
(234, 3764, 'pdf'),
(235, 4086, 'pdf'),
(236, 3902, 'pdf'),
(237, 2789, 'pdf'),
(238, 3550, 'pdf'),
(239, 4930, 'pdf'),
(240, 3205, 'pdf'),
(241, 4799, 'pdf'),
(242, 3870, 'pdf'),
(243, 4450, 'pdf'),
(244, 4260, 'pdf'),
(245, 3855, 'pdf'),
(246, 3689, 'pdf'),
(247, 4142, 'pdf'),
(248, 2991, 'pdf'),
(249, 4610, 'pdf'),
(250, 3922, 'pdf');



INSERT INTO Comment (boardgameMedia_id, user_id, text_comment, last_update_date) VALUES 
(1, 2, 'Great clarification on the landing mechanics!', '2024-01-16'),
(1, 3, 'This helped me understand the communication rules better.', '2024-01-17'),
(2, 1, 'Excellent tutorial, very clear explanations.', '2024-02-02'),
(3, 4, 'This strategy guide is incredibly detailed and helpful.', '2024-01-21'),
(4, 5, 'Best Wingspan review I have seen so far.', '2024-01-26'),
(6, 1, 'These tile placement tips really improved my game.', '2024-02-16'),
(7, 3, 'Love these variant ideas, makes the game more challenging.', '2024-01-31'),
(8, 2, 'Trading strategies that actually work in practice!', '2024-02-06');

INSERT INTO User_boardgame_interaction (user_id, boardgame_id, owns, rating, added_date) VALUES 
(1, 1, TRUE, 9, '2024-01-10'),
(1, 2, TRUE, 8, '2023-05-15'),
(1, 3, TRUE, 10, '2022-08-20'),
(2, 1, FALSE, 8, '2024-01-12'),
(2, 2, TRUE, 9, '2023-06-01'),
(2, 5, TRUE, 7, '2022-11-10'),
(3, 4, TRUE, 8, '2023-03-22'),
(3, 8, TRUE, 7, '2023-07-14'),
(4, 1, TRUE, 9, '2024-01-08'),
(4, 5, TRUE, 8, '2023-01-20'),
(5, 3, TRUE, 9, '2022-12-05'),
(5, 10, TRUE, 6, '2023-08-30');


INSERT INTO Releated_Boardgames (main_boardgame_id, related_boardgame_id) VALUES
(1, 2),
(1, 3),
(1, 4),
(1, 5),
(1, 6),
(1, 7),
(1, 8),
(2, 1),
(2, 3),
(2, 4),
(2, 5),
(2, 6),
(2, 7),
(2, 9),
(3, 1),
(3, 2),
(3, 4),
(3, 5),
(3, 6),
(3, 8),
(3, 10),
(4, 1),
(4, 2),
(4, 3),
(4, 5),
(4, 6),
(4, 7),
(4, 9),
(5, 1),
(5, 2),
(5, 3),
(5, 4),
(5, 6),
(5, 8),
(5, 10),
(6, 1),
(6, 2),
(6, 3),
(6, 4),
(6, 5),
(6, 7),
(6, 9),
(7, 1),
(7, 2),
(7, 3),
(7, 4),
(7, 5),
(7, 6),
(7, 8),
(8, 1),
(8, 2),
(8, 3),
(8, 4),
(8, 5),
(8, 6),
(8, 9),
(9, 1),
(9, 2),
(9, 3),
(9, 4),
(9, 5),
(9, 6),
(9, 10),
(10, 1),
(10, 2),
(10, 3),
(10, 4),
(10, 5),
(10, 7),
(10, 8);


INSERT INTO Edition (edition_boardgame_id, base_boardgame_id, edition_type) VALUES 
(11, 1, "Expansion"),
(12, 1, "Expansion"),
(13, 1, "Expansion"),
(14, 1, "Version"),
(15, 1, "Version"),
(16, 1, "Version"),
(17, 1, "Version"),
(18, 1, "Version"),
(19, 2, "Expansion"),
(20, 2, "Expansion"),
(21, 2, "Expansion"),
(22, 2, "Version"),
(23, 2, "Version"),
(24, 2, "Version"),
(25, 2, "Version"),
(26, 2, "Version"),
(27, 3, "Expansion"),
(28, 3, "Expansion"),
(29, 3, "Expansion"),
(30, 3, "Version"),
(31, 3, "Version"),
(32, 3, "Version"),
(33, 3, "Version"),
(34, 3, "Version"),
(35, 4, "Expansion"),
(36, 4, "Expansion"),
(37, 4, "Expansion"),
(38, 4, "Version"),
(39, 4, "Version"),
(40, 4, "Version"),
(41, 4, "Version"),
(42, 4, "Version"),
(43, 5, "Expansion"),
(44, 5, "Expansion"),
(45, 5, "Expansion"),
(46, 5, "Version"),
(47, 5, "Version"),
(48, 5, "Version"),
(49, 5, "Version"),
(50, 5, "Version"),
(51, 6, "Expansion"),
(52, 6, "Expansion"),
(53, 6, "Expansion"),
(54, 6, "Version"),
(55, 6, "Version"),
(56, 6, "Version"),
(57, 6, "Version"),
(58, 6, "Version"),
(59, 7, "Expansion"),
(60, 7, "Expansion"),
(61, 7, "Expansion"),
(62, 7, "Version"),
(63, 7, "Version"),
(64, 7, "Version"),
(65, 7, "Version"),
(66, 7, "Version"),
(67, 8, "Expansion"),
(68, 8, "Expansion"),
(69, 8, "Expansion"),
(70, 8, "Version"),
(71, 8, "Version"),
(72, 8, "Version"),
(73, 8, "Version"),
(74, 8, "Version"),
(75, 9, "Expansion"),
(76, 9, "Expansion"),
(77, 9, "Expansion"),
(78, 9, "Version"),
(79, 9, "Version"),
(80, 9, "Version"),
(81, 9, "Version"),
(82, 9, "Version"),
(83, 10, "Expansion"),
(84, 10, "Expansion"),
(85, 10, "Expansion"),
(86, 10, "Version"),
(87, 10, "Version"),
(88, 10, "Version"),
(89, 10, "Version"),
(90, 10, "Version");
